client_id,annual_kwh,peak_kw,base_load_kw,load_factor,evening_share,cooling_kwh_per_deg,cluster,segment,dr_priority,acceptance_rate,n_invitations,usual_evening_kwh,segment_median_evening_kwh,vs_similar_households_pct,comparison_message,as_of
C002,3853.414478877314,2.6495380000000015,0.06217,0.16602422670999029,0.4017267365733524,1.41356973751688,3,Large evening-peak households,1,0.2222222222222222,36,3.9657342261904764,4.025169345238096,-1.4765867954831036,In the evening you use about the same as households like yours.,2026-01-01
C007,3873.4142398726854,2.491118333333341,0.0485,0.17749882428759134,0.4035454482697585,0.9140512763689117,3,Large evening-peak households,1,0.4166666666666667,36,4.043536904761905,4.025169345238096,0.45631768376499515,In the evening you use about the same as households like yours.,2026-01-01
C009,3625.4024852430557,2.5099513333333365,0.06885166666666666,0.16488715366544787,0.38829972656063627,0.6820434363929171,3,Large evening-peak households,1,0.3333333333333333,36,4.170502678571428,4.025169345238096,3.6106141349125265,In the evening you use about the same as households like yours.,2026-01-01
C010,3533.9224380787036,2.4293780000000003,0.08411833333333334,0.16605723910961653,0.3479219537547449,1.0148569356860309,3,Large evening-peak households,1,0.6944444444444444,36,3.438511011904762,4.025169345238096,-14.574749110304374,You use 15% less than households like yours in the evening.,2026-01-01
C011,3450.5150164930556,2.231389000000003,0.06286666666666667,0.17652431211028755,0.35061176766024027,1.2231984668929887,3,Large evening-peak households,1,0.5,36,3.1365482142857144,4.025169345238096,-22.076614788981452,You use 22% less than households like yours in the evening.,2026-01-01
C013,3681.575942997685,2.642913500000001,0.04080333333333334,0.15901815415812837,0.3971224961320293,1.0703876866921662,3,Large evening-peak households,1,0.5833333333333334,36,3.5644943452380953,4.025169345238096,-11.444860091290165,You use 11% less than households like yours in the evening.,2026-01-01
C015,4530.237421875,3.230205666666669,0.05246666666666667,0.1600982859889106,0.43327518507784357,0.620468224761131,3,Large evening-peak households,1,0.4166666666666667,36,4.874097321428572,4.025169345238096,21.09049094281672,You use 21% more than households like yours in the evening.,2026-01-01
C016,4267.462410011574,2.786196000000003,0.052118333333333336,0.17484528839751606,0.41294525768969903,0.7255438492683863,3,Large evening-peak households,1,0.7222222222222222,36,4.413875297619048,4.025169345238096,9.656884444894299,You use 10% more than households like yours in the evening.,2026-01-01
C021,4531.822552662037,3.1413330000000017,0.045085,0.1646852917624735,0.43789266043431074,0.27587050423132103,3,Large evening-peak households,1,0.5,36,5.696517261904761,4.025169345238096,41.52242485509146,You use 42% more than households like yours in the evening.,2026-01-01
C022,4456.379608506944,3.0248516666666743,0.07412166666666667,0.1681798611803672,0.4006711161490933,0.8969385241031614,3,Large evening-peak households,1,0.7222222222222222,36,4.560480952380952,4.025169345238096,13.299107720179437,You use 13% more than households like yours in the evening.,2026-01-01
C023,3773.838458912037,2.5863936666666767,0.05446666666666667,0.16656531548036504,0.3598998253794474,1.8119859573239245,3,Large evening-peak households,1,0.6388888888888888,36,3.793802083333333,4.025169345238096,-5.748013115981765,You use 6% less than households like yours in the evening.,2026-01-01
C027,3773.1990118634253,2.5420750000000036,0.0725,0.16944050856340845,0.35752225329376575,0.8491978857581515,3,Large evening-peak households,1,0.4444444444444444,36,3.813651488095238,4.025169345238096,-5.254880950365237,You use 5% less than households like yours in the evening.,2026-01-01
C029,4212.747621527778,2.801366000000002,0.076485,0.17166884396093945,0.38095362728767174,0.5787868258575369,3,Large evening-peak households,1,0.5833333333333334,36,3.530738690476191,4.025169345238096,-12.283474615716038,You use 12% less than households like yours in the evening.,2026-01-01
C031,4358.493093171296,2.7345010000000034,0.07777,0.18195088378087654,0.3825241719067988,2.376006510440673,3,Large evening-peak households,1,0.5277777777777778,36,4.3344499999999995,4.025169345238096,7.6836681449885535,You use 8% more than households like yours in the evening.,2026-01-01
C033,4160.945059895834,2.7662896666666774,0.04483333333333333,0.1717078778922559,0.40439660044082376,0.4305126354103748,3,Large evening-peak households,1,0.5833333333333334,36,4.780724404761904,4.025169345238096,18.77076452491755,You use 19% more than households like yours in the evening.,2026-01-01
C034,3939.305526909722,2.7163466666666705,0.04840666666666667,0.16555044953062614,0.3724888320520569,1.8137844430223362,3,Large evening-peak households,1,0.4444444444444444,36,4.006801785714286,4.025169345238096,-0.45631768376501736,In the evening you use about the same as households like yours.,2026-01-01
C035,3935.556119641633,2.5291356666666682,0.06447,0.17763554685521582,0.3543311304843213,1.6148268124470986,3,Large evening-peak households,1,0.6944444444444444,36,3.604357142857143,4.025169345238096,-10.45452169307578,You use 10% less than households like yours in the evening.,2026-01-01
C042,3845.3693339120364,2.466173666666669,0.07683333333333334,0.17799602192576838,0.37597087958963077,0.8681791714855929,3,Large evening-peak households,1,0.5,36,4.134105952380952,4.025169345238096,2.706385689628976,In the evening you use about the same as households like yours.,2026-01-01
C005,4638.223664641203,2.7621113333333334,0.13421833333333333,0.19169306497462277,0.33262763984115584,0.4057140799684633,1,"Daytime-occupied, high base load",2,0.4166666666666667,36,3.962531926406927,3.962531926406927,0.0,In the evening you use about the same as households like yours.,2026-01-01
C019,4129.382867766204,2.414393333333334,0.12986666666666666,0.19524189858438223,0.33234542907352715,0.17119556534849065,1,"Daytime-occupied, high base load",2,0.6666666666666666,36,3.422680357142857,3.962531926406927,-13.623904596614489,You use 14% less than households like yours in the evening.,2026-01-01
C024,4380.505846064815,2.8921156666666716,0.09536666666666667,0.17290378484789753,0.37618631409215914,0.7393188105719191,1,"Daytime-occupied, high base load",2,0.5277777777777778,36,4.128316369047619,3.962531926406927,4.183800805133675,In the evening you use about the same as households like yours.,2026-01-01
C037,4838.969566840277,3.1816813333333354,0.089785,0.17361694283514498,0.39504809208200714,0.6442591821747939,1,"Daytime-occupied, high base load",2,0.6944444444444444,36,4.719568154761906,3.962531926406927,19.104861296131716,You use 19% more than households like yours in the evening.,2026-01-01
C041,3903.320730324074,2.6386436666666677,0.11660333333333334,0.16886878811456515,0.3593716662825167,0.1967642252759529,1,"Daytime-occupied, high base load",2,0.5277777777777778,36,3.381919642857143,3.962531926406927,-14.652557867874672,You use 15% less than households like yours in the evening.,2026-01-01
C044,3821.2920286458334,2.6003890000000007,0.08474,0.16775203679729364,0.38180049219889295,0.02375691555221041,1,"Daytime-occupied, high base load",2,0.7777777777777778,36,3.8003380952380956,3.962531926406927,-4.093186734672005,In the evening you use about the same as households like yours.,2026-01-01
C047,4685.462881365741,3.0459570000000027,0.08873333333333333,0.17560004686104494,0.3887587726783722,-0.03707822901955155,1,"Daytime-occupied, high base load",2,0.6111111111111112,36,4.323361904761905,3.962531926406927,9.106045958907005,You use 9% more than households like yours in the evening.,2026-01-01
C001,2877.8482242476853,2.0444403333333367,0.09023666666666667,0.16069018079418876,0.33371570247887783,0.2822249069167976,0,Medium AC users,3,0.3888888888888889,36,3.0567136278195486,2.339332738095238,30.666047546037678,You use 31% more than households like yours in the evening.,2026-01-01
C004,3006.2709630714007,1.9530123333333338,0.0935,0.1757191242122072,0.28020779031067955,1.480865075607597,0,Medium AC users,3,0.4166666666666667,36,2.400220328200087,2.339332738095238,2.602775958858494,In the evening you use about the same as households like yours.,2026-01-01
C008,2737.3245549768517,1.9067663333333342,0.059118333333333335,0.16387953078815679,0.3440660978793515,0.5357943953205075,0,Medium AC users,3,0.6388888888888888,36,3.1165895833333335,2.339332738095238,33.225578926021605,You use 33% more than households like yours in the evening.,2026-01-01
C012,2886.1822008101853,2.2397515000000014,0.08251833333333333,0.14710241469813293,0.3211596562510664,-0.1359068363934941,0,Medium AC users,3,0.4722222222222222,36,3.0455642857142857,2.339332738095238,30.18944402898771,You use 30% more than households like yours in the evening.,2026-01-01
C014,2927.1251041666674,1.929178,0.08108499999999999,0.17320677583348396,0.2827340144837553,1.5235802620617613,0,Medium AC users,3,0.4722222222222222,36,2.7819708333333333,2.339332738095238,18.921553485311616,You use 19% more than households like yours in the evening.,2026-01-01
C017,2735.03392650463,1.9371526666666667,0.06796666666666668,0.16117391785028945,0.31169972177868566,1.761352765298195,0,Medium AC users,3,0.6666666666666666,36,2.2180254862208386,2.339332738095238,-5.185549276464696,You use 5% less than households like yours in the evening.,2026-01-01
C020,2492.487117476852,1.9421696666666677,0.041501722595078304,0.14650135760332,0.36322225823839893,1.5027991148994602,0,Medium AC users,3,0.5555555555555556,36,2.430620238095238,2.339332738095238,3.90228796927492,In the evening you use about the same as households like yours.,2026-01-01
C025,2133.7084875578703,1.499179333333335,0.062033333333333336,0.16247157551088878,0.33753870625561655,-0.03741340503062781,0,Medium AC users,3,0.4166666666666667,36,1.8364258928571429,2.339332738095238,-21.497875742446904,You use 21% less than households like yours in the evening.,2026-01-01
C028,2905.3480804398146,1.991694333333334,0.06953333333333332,0.16652190761679853,0.33075432860293735,0.21013582039604053,0,Medium AC users,3,0.4444444444444444,36,2.669898511904762,2.339332738095238,14.13077192595875,You use 14% more than households like yours in the evening.,2026-01-01
C030,2860.8159892939816,1.9312226666666679,0.077,0.16910383943002424,0.2971920755848265,1.5524917296384413,0,Medium AC users,3,0.4722222222222222,36,2.8992636904761904,2.339332738095238,23.935498497612894,You use 24% more than households like yours in the evening.,2026-01-01
C032,2260.294648726852,1.9660873333333362,0.03815166666666667,0.13123755944343635,0.3692353593690847,0.7951782243174207,0,Medium AC users,3,0.6388888888888888,36,1.9942125,2.339332738095238,-14.752934991892019,You use 15% less than households like yours in the evening.,2026-01-01
C036,2538.676050925926,1.9358930000000003,0.07186666666666668,0.14970001036239802,0.3299188788714777,0.6000535363055206,0,Medium AC users,3,0.25,36,2.309036011904762,2.339332738095238,-1.2951011926223277,In the evening you use about the same as households like yours.,2026-01-01
C038,2064.189210358796,1.4225403333333344,0.07213666666666667,0.1656459449272964,0.3234475198044628,-0.07592734880146403,0,Medium AC users,3,0.3055555555555556,36,1.8488125,2.339332738095238,-20.968382569408906,You use 21% less than households like yours in the evening.,2026-01-01
C039,2366.4603483796295,1.8822963333333342,0.057485,0.14351824981107422,0.33399703938907266,1.0413692476115584,0,Medium AC users,3,0.7222222222222222,36,2.160861607142857,2.339332738095238,-7.629146895011529,You use 8% less than households like yours in the evening.,2026-01-01
C040,2448.953685763889,1.8623196666666668,0.0774,0.15011435900947587,0.3274693198147207,0.8572836034527049,0,Medium AC users,3,0.4166666666666667,36,1.9037415881947635,2.339332738095238,-18.620316075905784,You use 19% less than households like yours in the evening.,2026-01-01
C048,2525.5512803819447,1.965194333333334,0.054351666666666666,0.14670556279991492,0.35376372372502424,0.23254572465021722,0,Medium AC users,3,0.7777777777777778,36,2.053292261904762,2.339332738095238,-12.227438685074766,You use 12% less than households like yours in the evening.,2026-01-01
C049,2472.16956568287,1.8886956666666677,0.051533333333333334,0.14942118130291543,0.3310465077545435,0.9790823040817601,0,Medium AC users,3,0.7222222222222222,36,2.339332738095238,2.339332738095238,0.0,In the evening you use about the same as households like yours.,2026-01-01
C003,3544.4016556712963,2.2819083333333383,0.06446666666666666,0.17731302140373317,0.373126699438962,0.3714969439921293,2,Low consumers without AC,4,0.5555555555555556,36,3.3017421525753154,3.2070276785714285,2.9533413333706404,In the evening you use about the same as households like yours.,2026-01-01
C006,2905.629603587963,1.9225715000000003,0.06021833333333333,0.17252563929191372,0.37357873132437724,-0.13944986172330473,2,Low consumers without AC,4,0.2222222222222222,36,2.6820190476190473,3.2070276785714285,-16.370567502749033,You use 16% less than households like yours in the evening.,2026-01-01
C018,2876.3062471064814,1.9427761666666672,0.0581,0.16900838482171518,0.38062526371754674,0.3562466442339817,2,Low consumers without AC,4,0.7777777777777778,36,3.2088803571428572,3.2070276785714285,0.05776933525731831,In the evening you use about the same as households like yours.,2026-01-01
C026,3401.3083695023147,2.219686000000009,0.05756666666666667,0.17492438621066206,0.34842111467640685,0.5188563786532353,2,Low consumers without AC,4,0.6944444444444444,36,3.4782741071428567,3.2070276785714285,8.457876131965758,You use 8% more than households like yours in the evening.,2026-01-01
C043,3041.8216015625,1.9725103333333354,0.09763333333333332,0.17603958924127291,0.3296253138772411,0.49722594811969867,2,Low consumers without AC,4,0.3888888888888889,36,2.8372916666666663,3.2070276785714285,-11.528931115102225,You use 12% less than households like yours in the evening.,2026-01-01
C045,3299.2580870949073,2.1538166666666676,0.07588500000000001,0.1748652247621434,0.3341882260391905,-0.05392168836658734,2,Low consumers without AC,4,0.7777777777777778,36,2.559326488095238,3.2070276785714285,-20.19630808938665,You use 20% less than households like yours in the evening.,2026-01-01
C046,3114.636735821759,1.799889666666667,0.06251833333333333,0.19754107453203418,0.36761456915855917,-0.4442477595838462,2,Low consumers without AC,4,0.5277777777777778,36,3.300926485733182,3.2070276785714285,2.927907600834323,In the evening you use about the same as households like yours.,2026-01-01
C050,3219.5277236689813,1.8141266666666702,0.07085166666666666,0.20259114349932714,0.3817107006629283,-0.2212285545658748,2,Low consumers without AC,4,0.6111111111111112,36,3.205175,3.2070276785714285,-0.057769335257296106,In the evening you use about the same as households like yours.,2026-01-01
