event_id,client_id,segment,credited_kwh,segment_reduction_pct,projected_band_millimes,economic_band,reward_dt
2,C001,Medium AC users,0.8952477284773238,35.003312932434575,341,False,0.15263973770538372
3,C001,Medium AC users,0.6591092335822492,21.897517314281654,341,False,0.11237812432577349
4,C001,Medium AC users,0.28067554732769334,9.134022836792314,341,False,0.04785518081937172
5,C001,Medium AC users,0.6124296379288118,12.779944983264084,341,False,0.10441925326686241
7,C001,Medium AC users,0.0,-67.11087956267073,341,False,0.0
8,C001,Medium AC users,0.0,-27.48295450504565,341,False,0.0
9,C001,Medium AC users,0.0,-18.006754377355527,341,False,0.0
11,C001,Medium AC users,0.1333537505693812,5.245954165819025,341,False,0.022736814472079495
14,C001,Medium AC users,2.178539952757431,37.66937130341806,341,False,0.371441061945142
16,C001,Medium AC users,0.0,-19.767079260104403,218,False,0.0
18,C001,Medium AC users,0.9321267288793549,28.519310841327616,218,False,0.10160181344784967
26,C001,Medium AC users,0.7147976322054115,17.279518003323105,414,False,0.14796310986652017
28,C001,Medium AC users,0.8120303555384414,30.730277997474964,414,False,0.16809028359645736
31,C001,Medium AC users,0.574828913144501,21.065868669783267,414,False,0.1189895850209117
4,C002,Large evening-peak households,0.9936661635015308,31.533828441946437,341,False,0.169420080877011
9,C002,Large evening-peak households,0.378729923366311,9.930090080324026,341,False,0.06457345193395603
11,C002,Large evening-peak households,1.6370552203586755,44.63107326829316,341,False,0.2791179150711542
12,C002,Large evening-peak households,0.635365003195212,16.762069906737146,341,False,0.10832973304478365
16,C002,Large evening-peak households,0.0,-9.613989014511295,218,False,0.0
17,C002,Large evening-peak households,0.2674316271759588,7.433839430036905,341,False,0.04559709243350098
29,C002,Large evening-peak households,2.1043948107924253,35.914934419976866,414,False,0.435609725834032
30,C002,Large evening-peak households,2.545643688961034,52.804584668377096,414,False,0.5269482436149341
1,C003,Low consumers without AC,1.8656562501341039,52.73201846877889,341,False,0.3180943906478647
2,C003,Low consumers without AC,0.37897353354860286,12.013124791202982,341,False,0.0646149874700368
4,C003,Low consumers without AC,1.5196691842025236,43.396115945630996,341,False,0.2591035959065303
5,C003,Low consumers without AC,0.3785453652606239,19.798057456979194,341,False,0.06454198477693637
6,C003,Low consumers without AC,3.3084047042551146,56.60464553374736,341,False,0.564083002075497
7,C003,Low consumers without AC,0.45586172883673937,12.447365152866517,341,False,0.07772442476666405
9,C003,Low consumers without AC,0.7411469995939989,30.34800053875288,341,False,0.1263655634307768
10,C003,Low consumers without AC,7.904664007096078,75.97208796492568,341,False,1.3477452132098813
11,C003,Low consumers without AC,0.0,-9.164154889763344,341,False,0.0
14,C003,Low consumers without AC,0.0,-8.786663392334026,341,False,0.0
15,C003,Low consumers without AC,0.13626831990370722,10.045366996890914,218,False,0.014853246869504087
17,C003,Low consumers without AC,0.0,-58.978145577683534,341,False,0.0
18,C003,Low consumers without AC,1.6939161134839704,47.54004123460301,341,False,0.28881269734901693
20,C003,Low consumers without AC,0.7183502588650912,29.08476966515277,341,False,0.12247871913649805
22,C003,Low consumers without AC,0.11607210098074845,6.115849254025473,341,False,0.01979029321721761
27,C003,Low consumers without AC,1.2742409961476753,44.121249395597495,414,False,0.2637678862025688
28,C003,Low consumers without AC,0.8878615146164158,43.913331154254585,414,False,0.1837873335255981
29,C003,Low consumers without AC,1.9118570253154388,47.93101428623599,414,False,0.3957544042402958
31,C003,Low consumers without AC,0.2359317150095947,14.889680829655472,341,False,0.040226357409135896
33,C003,Low consumers without AC,2.0108155663065883,41.848263310668464,414,False,0.41623882222546377
2,C004,Medium AC users,0.8952477284773238,35.003312932434575,341,False,0.15263973770538372
3,C004,Medium AC users,0.6591092335822492,21.897517314281654,341,False,0.11237812432577349
7,C004,Medium AC users,0.0,-67.11087956267073,341,False,0.0
9,C004,Medium AC users,0.0,-18.006754377355527,341,False,0.0
11,C004,Medium AC users,0.1333537505693812,5.245954165819025,341,False,0.022736814472079495
12,C004,Medium AC users,0.1702952682850708,5.263990947424982,341,False,0.029035343242604573
14,C004,Medium AC users,2.178539952757431,37.66937130341806,341,False,0.371441061945142
17,C004,Medium AC users,0.0,-23.05747181073349,341,False,0.0
18,C004,Medium AC users,0.9321267288793549,28.519310841327616,341,False,0.15892760727393
19,C004,Medium AC users,0.0,-30.175523258081935,218,False,0.0
20,C004,Medium AC users,0.0,-10.040766560966588,218,False,0.0
21,C004,Medium AC users,0.03820519538916321,1.3311444037725408,218,False,0.00416436629741879
22,C004,Medium AC users,0.27472480784991116,16.1900258809196,218,False,0.029945004055640316
23,C004,Medium AC users,0.2898736981453341,12.195568608273103,218,False,0.03159623309784142
31,C004,Medium AC users,0.574828913144501,21.065868669783267,414,False,0.1189895850209117
3,C005,"Daytime-occupied, high base load",2.4819127934015146,39.56457438908895,414,False,0.5137559482341135
4,C005,"Daytime-occupied, high base load",2.3780306537341955,55.6125913660698,414,False,0.4922523453229785
5,C005,"Daytime-occupied, high base load",0.0,-19.95200937045732,414,False,0.0
6,C005,"Daytime-occupied, high base load",0.11371253233187655,2.9430884642344015,414,False,0.023538494192698444
9,C005,"Daytime-occupied, high base load",0.4622650889942724,13.761889420644465,414,False,0.09568887342181438
12,C005,"Daytime-occupied, high base load",1.606356809941834,32.620283269861254,414,False,0.33251585965795966
14,C005,"Daytime-occupied, high base load",1.631806948496499,36.663631596570575,414,False,0.3377840383387753
15,C005,"Daytime-occupied, high base load",0.6381198592824631,22.84282695816998,341,False,0.10879943600765996
16,C005,"Daytime-occupied, high base load",0.0,-347.2763325681956,341,False,0.0
17,C005,"Daytime-occupied, high base load",0.6475503042386309,13.940118607858347,341,False,0.11040732687268656
19,C005,"Daytime-occupied, high base load",0.1859362193656196,4.600131452401318,341,False,0.031702125401838144
22,C005,"Daytime-occupied, high base load",3.3373281473211946,54.684436115720416,341,False,0.5690144491182637
23,C005,"Daytime-occupied, high base load",0.6785465107323819,29.063827307442107,341,False,0.11569218007987112
28,C005,"Daytime-occupied, high base load",3.064369918626051,53.087871333338214,414,False,0.6343245731555925
31,C005,"Daytime-occupied, high base load",0.4803825721846014,17.984901314464427,414,False,0.09943919244221248
10,C006,Low consumers without AC,7.904664007096078,75.97208796492568,218,False,0.8616083767734725
12,C006,Low consumers without AC,1.8722208269934022,44.44076293980018,218,False,0.20407207014228085
14,C006,Low consumers without AC,0.0,-8.786663392334026,218,False,0.0
15,C006,Low consumers without AC,0.13626831990370722,10.045366996890914,218,False,0.014853246869504087
17,C006,Low consumers without AC,0.0,-58.978145577683534,218,False,0.0
18,C006,Low consumers without AC,1.6939161134839704,47.54004123460301,218,False,0.18463685636975277
23,C006,Low consumers without AC,0.0,-24.07106265143516,218,False,0.0
28,C006,Low consumers without AC,0.8878615146164158,43.913331154254585,218,False,0.09677690509318933
2,C007,Large evening-peak households,1.4495413444752299,27.885442105447893,341,False,0.24714679923302668
3,C007,Large evening-peak households,1.184598513241034,21.209778516934122,341,False,0.2019740465075963
4,C007,Large evening-peak households,0.9936661635015308,31.533828441946437,341,False,0.169420080877011
8,C007,Large evening-peak households,0.22958402510530976,8.083558754542722,341,False,0.03914407628045532
12,C007,Large evening-peak households,0.635365003195212,16.762069906737146,341,False,0.10832973304478365
15,C007,Large evening-peak households,0.3440132733119497,11.840446616719701,218,False,0.03749744679100252
16,C007,Large evening-peak households,0.0,-9.613989014511295,218,False,0.0
17,C007,Large evening-peak households,0.2674316271759588,7.433839430036905,341,False,0.04559709243350098
19,C007,Large evening-peak households,2.6350654648065612,47.58972590205455,341,False,0.4492786617495187
20,C007,Large evening-peak households,0.6300379123075253,17.673216658400634,341,False,0.10742146404843306
21,C007,Large evening-peak households,1.4556592746899064,28.978113854323148,341,False,0.24818990633462906
23,C007,Large evening-peak households,1.6907349611162,43.94278428943006,341,False,0.2882703108703121
26,C007,Large evening-peak households,2.060594717912322,35.4456357756542,414,False,0.42654310660785066
30,C007,Large evening-peak households,2.545643688961034,52.804584668377096,414,False,0.5269482436149341
34,C007,Large evening-peak households,2.0284001419637487,37.8172192559918,341,False,0.34584222420481914
1,C008,Medium AC users,0.0,-17.31892633151034,341,False,0.0
2,C008,Medium AC users,0.8952477284773238,35.003312932434575,341,False,0.15263973770538372
3,C008,Medium AC users,0.6591092335822492,21.897517314281654,341,False,0.11237812432577349
4,C008,Medium AC users,0.28067554732769334,9.134022836792314,341,False,0.04785518081937172
7,C008,Medium AC users,0.0,-67.11087956267073,341,False,0.0
8,C008,Medium AC users,0.0,-27.48295450504565,341,False,0.0
10,C008,Medium AC users,0.0,-42.425289228248516,341,False,0.0
11,C008,Medium AC users,0.1333537505693812,5.245954165819025,341,False,0.022736814472079495
12,C008,Medium AC users,0.1702952682850708,5.263990947424982,341,False,0.029035343242604573
13,C008,Medium AC users,0.4453371698628603,20.96816789704673,341,False,0.07592998746161768
15,C008,Medium AC users,0.3569748554641888,12.617408431668121,218,False,0.03891025924559658
16,C008,Medium AC users,0.0,-19.767079260104403,218,False,0.0
17,C008,Medium AC users,0.0,-23.05747181073349,218,False,0.0
18,C008,Medium AC users,0.9321267288793549,28.519310841327616,218,False,0.10160181344784967
19,C008,Medium AC users,0.0,-30.175523258081935,218,False,0.0
20,C008,Medium AC users,0.0,-10.040766560966588,218,False,0.0
21,C008,Medium AC users,0.03820519538916321,1.3311444037725408,218,False,0.00416436629741879
27,C008,Medium AC users,0.9598297770150737,32.39984552249225,414,False,0.19868476384212025
28,C008,Medium AC users,0.8120303555384414,30.730277997474964,414,False,0.16809028359645736
30,C008,Medium AC users,0.2503416784511745,7.507660184229453,414,False,0.05182072743939312
32,C008,Medium AC users,0.3005291263351135,7.667643391617049,341,False,0.05124021604013685
33,C008,Medium AC users,0.0,-9.222127228407137,341,False,0.0
34,C008,Medium AC users,0.0,-0.07692215958562428,341,False,0.0
2,C009,Large evening-peak households,1.4495413444752299,27.885442105447893,341,False,0.24714679923302668
3,C009,Large evening-peak households,1.184598513241034,21.209778516934122,341,False,0.2019740465075963
9,C009,Large evening-peak households,0.378729923366311,9.930090080324026,341,False,0.06457345193395603
11,C009,Large evening-peak households,1.6370552203586755,44.63107326829316,341,False,0.2791179150711542
12,C009,Large evening-peak households,0.635365003195212,16.762069906737146,341,False,0.10832973304478365
14,C009,Large evening-peak households,1.0148863420740522,22.340988269239983,341,False,0.1730381213236259
15,C009,Large evening-peak households,0.3440132733119497,11.840446616719701,341,False,0.05865426309968742
16,C009,Large evening-peak households,0.0,-9.613989014511295,341,False,0.0
19,C009,Large evening-peak households,2.6350654648065612,47.58972590205455,218,False,0.2872221356639152
22,C009,Large evening-peak households,1.5507685044748347,47.68191217675731,341,False,0.2644060300129593
23,C009,Large evening-peak households,1.6907349611162,43.94278428943006,218,False,0.1842901107616658
29,C009,Large evening-peak households,2.1043948107924253,35.914934419976866,414,False,0.435609725834032
1,C010,Large evening-peak households,1.5786998073538925,34.272730967915656,341,False,0.26916831715383865
2,C010,Large evening-peak households,1.4495413444752299,27.885442105447893,341,False,0.24714679923302668
4,C010,Large evening-peak households,0.9936661635015308,31.533828441946437,341,False,0.169420080877011
5,C010,Large evening-peak households,0.44121635898483813,15.781055996910187,341,False,0.07522738920691491
6,C010,Large evening-peak households,1.1818388875383579,22.209307976784515,341,False,0.20150353032529003
7,C010,Large evening-peak households,0.8774221836388136,18.28641037572047,341,False,0.14960048231041773
9,C010,Large evening-peak households,0.378729923366311,9.930090080324026,341,False,0.06457345193395603
10,C010,Large evening-peak households,0.6352541826645511,16.417211011964945,341,False,0.10831083814430598
11,C010,Large evening-peak households,1.6370552203586755,44.63107326829316,341,False,0.2791179150711542
13,C010,Large evening-peak households,0.0,-3.6436506177777233,341,False,0.0
14,C010,Large evening-peak households,1.0148863420740522,22.340988269239983,341,False,0.1730381213236259
15,C010,Large evening-peak households,0.3440132733119497,11.840446616719701,341,False,0.05865426309968742
16,C010,Large evening-peak households,0.0,-9.613989014511295,341,False,0.0
18,C010,Large evening-peak households,0.0,-1.329877325395806,341,False,0.0
20,C010,Large evening-peak households,0.6300379123075253,17.673216658400634,218,False,0.06867413244152026
21,C010,Large evening-peak households,1.4556592746899064,28.978113854323148,341,False,0.24818990633462906
22,C010,Large evening-peak households,1.5507685044748347,47.68191217675731,341,False,0.2644060300129593
23,C010,Large evening-peak households,1.6907349611162,43.94278428943006,218,False,0.1842901107616658
24,C010,Large evening-peak households,1.3969830913089598,31.754717458329274,341,False,0.23818561706817765
25,C010,Large evening-peak households,0.22138566439379362,5.740192980805201,341,False,0.03774625577914181
26,C010,Large evening-peak households,2.060594717912322,35.4456357756542,341,False,0.3513313994040509
27,C010,Large evening-peak households,0.8598951992139935,19.142585745775143,414,False,0.17799830623729665
28,C010,Large evening-peak households,0.775288781543222,20.516277692041623,414,False,0.16048477777944695
30,C010,Large evening-peak households,2.545643688961034,52.804584668377096,414,False,0.5269482436149341
34,C010,Large evening-peak households,2.0284001419637487,37.8172192559918,218,False,0.2210956154740486
1,C011,Large evening-peak households,1.5786998073538925,34.272730967915656,341,False,0.26916831715383865
2,C011,Large evening-peak households,1.4495413444752299,27.885442105447893,341,False,0.24714679923302668
5,C011,Large evening-peak households,0.44121635898483813,15.781055996910187,341,False,0.07522738920691491
8,C011,Large evening-peak households,0.22958402510530976,8.083558754542722,341,False,0.03914407628045532
9,C011,Large evening-peak households,0.378729923366311,9.930090080324026,341,False,0.06457345193395603
11,C011,Large evening-peak households,1.6370552203586755,44.63107326829316,341,False,0.2791179150711542
14,C011,Large evening-peak households,1.0148863420740522,22.340988269239983,341,False,0.1730381213236259
15,C011,Large evening-peak households,0.3440132733119497,11.840446616719701,341,False,0.05865426309968742
16,C011,Large evening-peak households,0.0,-9.613989014511295,218,False,0.0
17,C011,Large evening-peak households,0.2674316271759588,7.433839430036905,218,False,0.02915004736217951
18,C011,Large evening-peak households,0.0,-1.329877325395806,218,False,0.0
19,C011,Large evening-peak households,2.6350654648065612,47.58972590205455,218,False,0.2872221356639152
21,C011,Large evening-peak households,1.4556592746899064,28.978113854323148,341,False,0.24818990633462906
22,C011,Large evening-peak households,1.5507685044748347,47.68191217675731,341,False,0.2644060300129593
23,C011,Large evening-peak households,1.6907349611162,43.94278428943006,341,False,0.2882703108703121
27,C011,Large evening-peak households,0.8598951992139935,19.142585745775143,414,False,0.17799830623729665
30,C011,Large evening-peak households,2.545643688961034,52.804584668377096,218,False,0.2774751620967527
31,C011,Large evening-peak households,2.379805212065455,51.29918964413597,341,False,0.4057567886571601
3,C012,Medium AC users,0.6591092335822492,21.897517314281654,218,False,0.07184290646046516
5,C012,Medium AC users,0.6124296379288118,12.779944983264084,341,False,0.10441925326686241
6,C012,Medium AC users,0.0,-6.6095900419480875,341,False,0.0
8,C012,Medium AC users,0.0,-27.48295450504565,341,False,0.0
9,C012,Medium AC users,0.0,-18.006754377355527,341,False,0.0
10,C012,Medium AC users,0.0,-42.425289228248516,341,False,0.0
11,C012,Medium AC users,0.1333537505693812,5.245954165819025,341,False,0.022736814472079495
16,C012,Medium AC users,0.0,-19.767079260104403,218,False,0.0
17,C012,Medium AC users,0.0,-23.05747181073349,218,False,0.0
18,C012,Medium AC users,0.9321267288793549,28.519310841327616,218,False,0.10160181344784967
19,C012,Medium AC users,0.0,-30.175523258081935,218,False,0.0
20,C012,Medium AC users,0.0,-10.040766560966588,218,False,0.0
21,C012,Medium AC users,0.03820519538916321,1.3311444037725408,218,False,0.00416436629741879
22,C012,Medium AC users,0.27472480784991116,16.1900258809196,218,False,0.029945004055640316
26,C012,Medium AC users,0.7147976322054115,17.279518003323105,218,False,0.07791294191038985
28,C012,Medium AC users,0.8120303555384414,30.730277997474964,218,False,0.08851130875369012
33,C012,Medium AC users,0.0,-9.222127228407137,218,False,0.0
1,C013,Large evening-peak households,1.5786998073538925,34.272730967915656,341,False,0.26916831715383865
4,C013,Large evening-peak households,0.9936661635015308,31.533828441946437,341,False,0.169420080877011
5,C013,Large evening-peak households,0.44121635898483813,15.781055996910187,341,False,0.07522738920691491
6,C013,Large evening-peak households,1.1818388875383579,22.209307976784515,341,False,0.20150353032529003
7,C013,Large evening-peak households,0.8774221836388136,18.28641037572047,341,False,0.14960048231041773
8,C013,Large evening-peak households,0.22958402510530976,8.083558754542722,341,False,0.03914407628045532
9,C013,Large evening-peak households,0.378729923366311,9.930090080324026,341,False,0.06457345193395603
12,C013,Large evening-peak households,0.635365003195212,16.762069906737146,341,False,0.10832973304478365
13,C013,Large evening-peak households,0.0,-3.6436506177777233,341,False,0.0
14,C013,Large evening-peak households,1.0148863420740522,22.340988269239983,341,False,0.1730381213236259
15,C013,Large evening-peak households,0.3440132733119497,11.840446616719701,341,False,0.05865426309968742
16,C013,Large evening-peak households,0.0,-9.613989014511295,341,False,0.0
17,C013,Large evening-peak households,0.2674316271759588,7.433839430036905,341,False,0.04559709243350098
18,C013,Large evening-peak households,0.0,-1.329877325395806,341,False,0.0
19,C013,Large evening-peak households,2.6350654648065612,47.58972590205455,218,False,0.2872221356639152
21,C013,Large evening-peak households,1.4556592746899064,28.978113854323148,341,False,0.24818990633462906
22,C013,Large evening-peak households,1.5507685044748347,47.68191217675731,341,False,0.2644060300129593
25,C013,Large evening-peak households,0.22138566439379362,5.740192980805201,341,False,0.03774625577914181
27,C013,Large evening-peak households,0.8598951992139935,19.142585745775143,414,False,0.17799830623729665
28,C013,Large evening-peak households,0.775288781543222,20.516277692041623,414,False,0.16048477777944695
29,C013,Large evening-peak households,2.1043948107924253,35.914934419976866,414,False,0.435609725834032
1,C014,Medium AC users,0.0,-17.31892633151034,341,False,0.0
2,C014,Medium AC users,0.8952477284773238,35.003312932434575,341,False,0.15263973770538372
3,C014,Medium AC users,0.6591092335822492,21.897517314281654,341,False,0.11237812432577349
6,C014,Medium AC users,0.0,-6.6095900419480875,341,False,0.0
7,C014,Medium AC users,0.0,-67.11087956267073,341,False,0.0
11,C014,Medium AC users,0.1333537505693812,5.245954165819025,341,False,0.022736814472079495
12,C014,Medium AC users,0.1702952682850708,5.263990947424982,341,False,0.029035343242604573
13,C014,Medium AC users,0.4453371698628603,20.96816789704673,341,False,0.07592998746161768
14,C014,Medium AC users,2.178539952757431,37.66937130341806,341,False,0.371441061945142
15,C014,Medium AC users,0.3569748554641888,12.617408431668121,218,False,0.03891025924559658
17,C014,Medium AC users,0.0,-23.05747181073349,341,False,0.0
19,C014,Medium AC users,0.0,-30.175523258081935,218,False,0.0
24,C014,Medium AC users,0.39545170764422566,14.454173342894327,218,False,0.0431042361332206
27,C014,Medium AC users,0.9598297770150737,32.39984552249225,414,False,0.19868476384212025
28,C014,Medium AC users,0.8120303555384414,30.730277997474964,414,False,0.16809028359645736
31,C014,Medium AC users,0.574828913144501,21.065868669783267,341,False,0.09800832969113742
35,C014,Medium AC users,0.0,-38.518393487094684,341,False,0.0
2,C015,Large evening-peak households,1.4495413444752299,27.885442105447893,414,False,0.3000550583063726
4,C015,Large evening-peak households,0.9936661635015308,31.533828441946437,414,False,0.20568889584481687
6,C015,Large evening-peak households,1.1818388875383579,22.209307976784515,414,False,0.24464064972044008
7,C015,Large evening-peak households,0.8774221836388136,18.28641037572047,414,False,0.1816263920132344
9,C015,Large evening-peak households,0.378729923366311,9.930090080324026,414,False,0.07839709413682638
11,C015,Large evening-peak households,1.6370552203586755,44.63107326829316,414,False,0.3388704306142458
12,C015,Large evening-peak households,0.635365003195212,16.762069906737146,414,False,0.1315205556614089
14,C015,Large evening-peak households,1.0148863420740522,22.340988269239983,414,False,0.2100814728093288
16,C015,Large evening-peak households,0.0,-9.613989014511295,341,False,0.0
17,C015,Large evening-peak households,0.2674316271759588,7.433839430036905,341,False,0.04559709243350098
20,C015,Large evening-peak households,0.6300379123075253,17.673216658400634,341,False,0.10742146404843306
22,C015,Large evening-peak households,1.5507685044748347,47.68191217675731,341,False,0.2644060300129593
23,C015,Large evening-peak households,1.6907349611162,43.94278428943006,341,False,0.2882703108703121
26,C015,Large evening-peak households,2.060594717912322,35.4456357756542,414,False,0.42654310660785066
28,C015,Large evening-peak households,0.775288781543222,20.516277692041623,414,False,0.16048477777944695
1,C016,Large evening-peak households,1.5786998073538925,34.272730967915656,341,False,0.26916831715383865
3,C016,Large evening-peak households,1.184598513241034,21.209778516934122,414,False,0.24521189224089404
4,C016,Large evening-peak households,0.9936661635015308,31.533828441946437,414,False,0.20568889584481687
5,C016,Large evening-peak households,0.44121635898483813,15.781055996910187,414,False,0.0913317863098615
6,C016,Large evening-peak households,1.1818388875383579,22.209307976784515,414,False,0.24464064972044008
7,C016,Large evening-peak households,0.8774221836388136,18.28641037572047,414,False,0.1816263920132344
12,C016,Large evening-peak households,0.635365003195212,16.762069906737146,414,False,0.1315205556614089
13,C016,Large evening-peak households,0.0,-3.6436506177777233,414,False,0.0
14,C016,Large evening-peak households,1.0148863420740522,22.340988269239983,414,False,0.2100814728093288
15,C016,Large evening-peak households,0.3440132733119497,11.840446616719701,341,False,0.05865426309968742
16,C016,Large evening-peak households,0.0,-9.613989014511295,341,False,0.0
17,C016,Large evening-peak households,0.2674316271759588,7.433839430036905,341,False,0.04559709243350098
18,C016,Large evening-peak households,0.0,-1.329877325395806,341,False,0.0
20,C016,Large evening-peak households,0.6300379123075253,17.673216658400634,341,False,0.10742146404843306
21,C016,Large evening-peak households,1.4556592746899064,28.978113854323148,341,False,0.24818990633462906
22,C016,Large evening-peak households,1.5507685044748347,47.68191217675731,341,False,0.2644060300129593
24,C016,Large evening-peak households,1.3969830913089598,31.754717458329274,341,False,0.23818561706817765
25,C016,Large evening-peak households,0.22138566439379362,5.740192980805201,414,False,0.04582683252951528
26,C016,Large evening-peak households,2.060594717912322,35.4456357756542,414,False,0.42654310660785066
28,C016,Large evening-peak households,0.775288781543222,20.516277692041623,414,False,0.16048477777944695
29,C016,Large evening-peak households,2.1043948107924253,35.914934419976866,414,False,0.435609725834032
30,C016,Large evening-peak households,2.545643688961034,52.804584668377096,414,False,0.5269482436149341
31,C016,Large evening-peak households,2.379805212065455,51.29918964413597,414,False,0.4926196788975492
33,C016,Large evening-peak households,1.7582317184625875,31.970111253084863,414,False,0.3639539657217556
34,C016,Large evening-peak households,2.0284001419637487,37.8172192559918,414,False,0.41987882938649596
36,C016,Large evening-peak households,1.5750801839838133,40.42592062737828,414,False,0.3260415980846494
1,C017,Medium AC users,0.0,-17.31892633151034,341,False,0.0
2,C017,Medium AC users,0.8952477284773238,35.003312932434575,341,False,0.15263973770538372
5,C017,Medium AC users,0.6124296379288118,12.779944983264084,341,False,0.10441925326686241
6,C017,Medium AC users,0.0,-6.6095900419480875,341,False,0.0
8,C017,Medium AC users,0.0,-27.48295450504565,341,False,0.0
9,C017,Medium AC users,0.0,-18.006754377355527,341,False,0.0
10,C017,Medium AC users,0.0,-42.425289228248516,341,False,0.0
11,C017,Medium AC users,0.1333537505693812,5.245954165819025,341,False,0.022736814472079495
12,C017,Medium AC users,0.1702952682850708,5.263990947424982,341,False,0.029035343242604573
14,C017,Medium AC users,2.178539952757431,37.66937130341806,341,False,0.371441061945142
15,C017,Medium AC users,0.3569748554641888,12.617408431668121,218,False,0.03891025924559658
16,C017,Medium AC users,0.0,-19.767079260104403,218,False,0.0
17,C017,Medium AC users,0.0,-23.05747181073349,218,False,0.0
18,C017,Medium AC users,0.9321267288793549,28.519310841327616,218,False,0.10160181344784967
20,C017,Medium AC users,0.0,-10.040766560966588,218,False,0.0
22,C017,Medium AC users,0.27472480784991116,16.1900258809196,218,False,0.029945004055640316
23,C017,Medium AC users,0.2898736981453341,12.195568608273103,218,False,0.03159623309784142
24,C017,Medium AC users,0.39545170764422566,14.454173342894327,218,False,0.0431042361332206
25,C017,Medium AC users,1.4791217719247096,38.6287298309086,341,False,0.252190262113163
26,C017,Medium AC users,0.7147976322054115,17.279518003323105,414,False,0.14796310986652017
27,C017,Medium AC users,0.9598297770150737,32.39984552249225,414,False,0.19868476384212025
31,C017,Medium AC users,0.574828913144501,21.065868669783267,341,False,0.09800832969113742
32,C017,Medium AC users,0.3005291263351135,7.667643391617049,341,False,0.05124021604013685
34,C017,Medium AC users,0.0,-0.07692215958562428,341,False,0.0
1,C018,Low consumers without AC,1.8656562501341039,52.73201846877889,218,False,0.20335653126461734
2,C018,Low consumers without AC,0.37897353354860286,12.013124791202982,218,False,0.04130811515679771
3,C018,Low consumers without AC,2.5943241769127976,45.268928173483914,218,False,0.2827813352834949
4,C018,Low consumers without AC,1.5196691842025236,43.396115945630996,218,False,0.16564394107807506
5,C018,Low consumers without AC,0.3785453652606239,19.798057456979194,218,False,0.041261444813408
6,C018,Low consumers without AC,3.3084047042551146,56.60464553374736,218,False,0.3606161127638075
7,C018,Low consumers without AC,0.45586172883673937,12.447365152866517,218,False,0.04968892844320459
8,C018,Low consumers without AC,1.0235688830204457,31.17156441739704,218,False,0.11156900824922858
9,C018,Low consumers without AC,0.7411469995939989,30.34800053875288,218,False,0.08078502295574587
10,C018,Low consumers without AC,7.904664007096078,75.97208796492568,218,False,0.8616083767734725
11,C018,Low consumers without AC,0.0,-9.164154889763344,218,False,0.0
12,C018,Low consumers without AC,1.8722208269934022,44.44076293980018,218,False,0.20407207014228085
13,C018,Low consumers without AC,0.0,-8.178011231991276,218,False,0.0
14,C018,Low consumers without AC,0.0,-8.786663392334026,218,False,0.0
16,C018,Low consumers without AC,0.0,-11.016188327701627,218,False,0.0
17,C018,Low consumers without AC,0.0,-58.978145577683534,218,False,0.0
18,C018,Low consumers without AC,1.6939161134839704,47.54004123460301,218,False,0.18463685636975277
19,C018,Low consumers without AC,1.3983302827078816,43.94267580708846,218,False,0.1524180008151591
21,C018,Low consumers without AC,0.4547427220587199,23.827489295675772,218,False,0.04956695670440047
22,C018,Low consumers without AC,0.11607210098074845,6.115849254025473,218,False,0.012651859006901581
23,C018,Low consumers without AC,0.0,-24.07106265143516,218,False,0.0
24,C018,Low consumers without AC,0.49481754880829454,22.965446887869962,218,False,0.0539351128201041
26,C018,Low consumers without AC,0.2324352728465655,8.799537961963862,218,False,0.02533544474027564
27,C018,Low consumers without AC,1.2742409961476753,44.121249395597495,218,False,0.13889226858009662
28,C018,Low consumers without AC,0.8878615146164158,43.913331154254585,218,False,0.09677690509318933
30,C018,Low consumers without AC,1.3108046226742562,40.47035476667002,218,False,0.14287770387149393
31,C018,Low consumers without AC,0.2359317150095947,14.889680829655472,218,False,0.025716556936045822
35,C018,Low consumers without AC,0.015554161661429977,2.0318846637844055,176,False,0.001368766226205838
1,C019,"Daytime-occupied, high base load",1.3742919228238395,28.37712709326649,341,False,0.23431677284146463
2,C019,"Daytime-occupied, high base load",2.0899093518454794,32.99736942302636,341,False,0.35632954448965426
3,C019,"Daytime-occupied, high base load",2.4819127934015146,39.56457438908895,341,False,0.4231661312749582
4,C019,"Daytime-occupied, high base load",2.3780306537341955,55.6125913660698,341,False,0.40545422646168033
5,C019,"Daytime-occupied, high base load",0.0,-19.95200937045732,341,False,0.0
6,C019,"Daytime-occupied, high base load",0.11371253233187655,2.9430884642344015,414,False,0.023538494192698444
9,C019,"Daytime-occupied, high base load",0.4622650889942724,13.761889420644465,341,False,0.07881619767352344
10,C019,"Daytime-occupied, high base load",0.0,-5.110624457297873,341,False,0.0
12,C019,"Daytime-occupied, high base load",1.606356809941834,32.620283269861254,341,False,0.2738838360950827
13,C019,"Daytime-occupied, high base load",0.13338552713979035,10.297968968014013,341,False,0.022742232377334255
14,C019,"Daytime-occupied, high base load",1.631806948496499,36.663631596570575,341,False,0.2782230847186531
15,C019,"Daytime-occupied, high base load",0.6381198592824631,22.84282695816998,341,False,0.10879943600765996
17,C019,"Daytime-occupied, high base load",0.6475503042386309,13.940118607858347,341,False,0.11040732687268656
18,C019,"Daytime-occupied, high base load",0.23000715270751398,5.91317982880704,341,False,0.03921621953663114
20,C019,"Daytime-occupied, high base load",1.3502744577891501,36.00088392160555,341,False,0.2302217950530501
21,C019,"Daytime-occupied, high base load",1.614259473982357,65.90223302010347,341,False,0.2752312403139919
22,C019,"Daytime-occupied, high base load",3.3373281473211946,54.684436115720416,341,False,0.5690144491182637
23,C019,"Daytime-occupied, high base load",0.6785465107323819,29.063827307442107,341,False,0.11569218007987112
26,C019,"Daytime-occupied, high base load",0.8016720246214494,21.114030792291533,414,False,0.16594610909664
27,C019,"Daytime-occupied, high base load",1.614798247720128,34.55032840747889,414,False,0.33426323727806645
28,C019,"Daytime-occupied, high base load",3.064369918626051,53.087871333338214,414,False,0.6343245731555925
30,C019,"Daytime-occupied, high base load",3.2480949018715064,53.77893669628717,414,False,0.6723556446874018
31,C019,"Daytime-occupied, high base load",0.4803825721846014,17.984901314464427,414,False,0.09943919244221248
36,C019,"Daytime-occupied, high base load",3.4245303087589805,67.04304765855201,414,False,0.708877773913109
3,C020,Medium AC users,0.6591092335822492,21.897517314281654,341,False,0.11237812432577349
4,C020,Medium AC users,0.28067554732769334,9.134022836792314,341,False,0.04785518081937172
6,C020,Medium AC users,0.0,-6.6095900419480875,341,False,0.0
7,C020,Medium AC users,0.0,-67.11087956267073,341,False,0.0
8,C020,Medium AC users,0.0,-27.48295450504565,341,False,0.0
10,C020,Medium AC users,0.0,-42.425289228248516,341,False,0.0
14,C020,Medium AC users,2.178539952757431,37.66937130341806,341,False,0.371441061945142
17,C020,Medium AC users,0.0,-23.05747181073349,218,False,0.0
20,C020,Medium AC users,0.0,-10.040766560966588,218,False,0.0
21,C020,Medium AC users,0.03820519538916321,1.3311444037725408,218,False,0.00416436629741879
23,C020,Medium AC users,0.2898736981453341,12.195568608273103,218,False,0.03159623309784142
24,C020,Medium AC users,0.39545170764422566,14.454173342894327,341,False,0.06742451615334048
25,C020,Medium AC users,1.4791217719247096,38.6287298309086,341,False,0.252190262113163
27,C020,Medium AC users,0.9598297770150737,32.39984552249225,414,False,0.19868476384212025
28,C020,Medium AC users,0.8120303555384414,30.730277997474964,414,False,0.16809028359645736
30,C020,Medium AC users,0.2503416784511745,7.507660184229453,414,False,0.05182072743939312
31,C020,Medium AC users,0.574828913144501,21.065868669783267,414,False,0.1189895850209117
32,C020,Medium AC users,0.3005291263351135,7.667643391617049,341,False,0.05124021604013685
34,C020,Medium AC users,0.0,-0.07692215958562428,414,False,0.0
36,C020,Medium AC users,1.462324364931792,46.84076155081777,414,False,0.30270114354088096
2,C021,Large evening-peak households,1.4495413444752299,27.885442105447893,414,False,0.3000550583063726
3,C021,Large evening-peak households,1.184598513241034,21.209778516934122,414,False,0.24521189224089404
4,C021,Large evening-peak households,0.9936661635015308,31.533828441946437,414,False,0.20568889584481687
6,C021,Large evening-peak households,1.1818388875383579,22.209307976784515,414,False,0.24464064972044008
7,C021,Large evening-peak households,0.8774221836388136,18.28641037572047,414,False,0.1816263920132344
8,C021,Large evening-peak households,0.22958402510530976,8.083558754542722,414,False,0.04752389319679912
9,C021,Large evening-peak households,0.378729923366311,9.930090080324026,414,False,0.07839709413682638
11,C021,Large evening-peak households,1.6370552203586755,44.63107326829316,414,False,0.3388704306142458
12,C021,Large evening-peak households,0.635365003195212,16.762069906737146,414,False,0.1315205556614089
14,C021,Large evening-peak households,1.0148863420740522,22.340988269239983,414,False,0.2100814728093288
15,C021,Large evening-peak households,0.3440132733119497,11.840446616719701,341,False,0.05865426309968742
17,C021,Large evening-peak households,0.2674316271759588,7.433839430036905,341,False,0.04559709243350098
18,C021,Large evening-peak households,0.0,-1.329877325395806,341,False,0.0
22,C021,Large evening-peak households,1.5507685044748347,47.68191217675731,341,False,0.2644060300129593
23,C021,Large evening-peak households,1.6907349611162,43.94278428943006,341,False,0.2882703108703121
25,C021,Large evening-peak households,0.22138566439379362,5.740192980805201,341,False,0.03774625577914181
27,C021,Large evening-peak households,0.8598951992139935,19.142585745775143,414,False,0.17799830623729665
34,C021,Large evening-peak households,2.0284001419637487,37.8172192559918,414,False,0.41987882938649596
1,C022,Large evening-peak households,1.5786998073538925,34.272730967915656,414,False,0.3267908601222558
2,C022,Large evening-peak households,1.4495413444752299,27.885442105447893,414,False,0.3000550583063726
4,C022,Large evening-peak households,0.9936661635015308,31.533828441946437,414,False,0.20568889584481687
5,C022,Large evening-peak households,0.44121635898483813,15.781055996910187,414,False,0.0913317863098615
7,C022,Large evening-peak households,0.8774221836388136,18.28641037572047,414,False,0.1816263920132344
8,C022,Large evening-peak households,0.22958402510530976,8.083558754542722,414,False,0.04752389319679912
9,C022,Large evening-peak households,0.378729923366311,9.930090080324026,414,False,0.07839709413682638
10,C022,Large evening-peak households,0.6352541826645511,16.417211011964945,414,False,0.1314976158115621
11,C022,Large evening-peak households,1.6370552203586755,44.63107326829316,414,False,0.3388704306142458
12,C022,Large evening-peak households,0.635365003195212,16.762069906737146,414,False,0.1315205556614089
14,C022,Large evening-peak households,1.0148863420740522,22.340988269239983,414,False,0.2100814728093288
15,C022,Large evening-peak households,0.3440132733119497,11.840446616719701,341,False,0.05865426309968742
16,C022,Large evening-peak households,0.0,-9.613989014511295,341,False,0.0
18,C022,Large evening-peak households,0.0,-1.329877325395806,341,False,0.0
21,C022,Large evening-peak households,1.4556592746899064,28.978113854323148,341,False,0.24818990633462906
23,C022,Large evening-peak households,1.6907349611162,43.94278428943006,341,False,0.2882703108703121
24,C022,Large evening-peak households,1.3969830913089598,31.754717458329274,341,False,0.23818561706817765
25,C022,Large evening-peak households,0.22138566439379362,5.740192980805201,341,False,0.03774625577914181
27,C022,Large evening-peak households,0.8598951992139935,19.142585745775143,414,False,0.17799830623729665
28,C022,Large evening-peak households,0.775288781543222,20.516277692041623,414,False,0.16048477777944695
29,C022,Large evening-peak households,2.1043948107924253,35.914934419976866,414,False,0.435609725834032
30,C022,Large evening-peak households,2.545643688961034,52.804584668377096,414,False,0.5269482436149341
31,C022,Large evening-peak households,2.379805212065455,51.29918964413597,414,False,0.4926196788975492
32,C022,Large evening-peak households,0.09246233318037866,1.5371884854209326,414,False,0.019139702968338383
33,C022,Large evening-peak households,1.7582317184625875,31.970111253084863,414,False,0.3639539657217556
34,C022,Large evening-peak households,2.0284001419637487,37.8172192559918,414,False,0.41987882938649596
4,C023,Large evening-peak households,0.9936661635015308,31.533828441946437,341,False,0.169420080877011
7,C023,Large evening-peak households,0.8774221836388136,18.28641037572047,414,False,0.1816263920132344
8,C023,Large evening-peak households,0.22958402510530976,8.083558754542722,414,False,0.04752389319679912
9,C023,Large evening-peak households,0.378729923366311,9.930090080324026,414,False,0.07839709413682638
10,C023,Large evening-peak households,0.6352541826645511,16.417211011964945,414,False,0.1314976158115621
13,C023,Large evening-peak households,0.0,-3.6436506177777233,414,False,0.0
14,C023,Large evening-peak households,1.0148863420740522,22.340988269239983,414,False,0.2100814728093288
15,C023,Large evening-peak households,0.3440132733119497,11.840446616719701,341,False,0.05865426309968742
16,C023,Large evening-peak households,0.0,-9.613989014511295,341,False,0.0
17,C023,Large evening-peak households,0.2674316271759588,7.433839430036905,341,False,0.04559709243350098
18,C023,Large evening-peak households,0.0,-1.329877325395806,341,False,0.0
19,C023,Large evening-peak households,2.6350654648065612,47.58972590205455,218,False,0.2872221356639152
20,C023,Large evening-peak households,0.6300379123075253,17.673216658400634,218,False,0.06867413244152026
21,C023,Large evening-peak households,1.4556592746899064,28.978113854323148,341,False,0.24818990633462906
22,C023,Large evening-peak households,1.5507685044748347,47.68191217675731,341,False,0.2644060300129593
23,C023,Large evening-peak households,1.6907349611162,43.94278428943006,341,False,0.2882703108703121
24,C023,Large evening-peak households,1.3969830913089598,31.754717458329274,341,False,0.23818561706817765
26,C023,Large evening-peak households,2.060594717912322,35.4456357756542,414,False,0.42654310660785066
27,C023,Large evening-peak households,0.8598951992139935,19.142585745775143,414,False,0.17799830623729665
30,C023,Large evening-peak households,2.545643688961034,52.804584668377096,414,False,0.5269482436149341
31,C023,Large evening-peak households,2.379805212065455,51.29918964413597,414,False,0.4926196788975492
33,C023,Large evening-peak households,1.7582317184625875,31.970111253084863,414,False,0.3639539657217556
35,C023,Large evening-peak households,1.3204865157331611,43.77037578259852,414,False,0.27334070875676436
3,C024,"Daytime-occupied, high base load",2.4819127934015146,39.56457438908895,341,False,0.4231661312749582
4,C024,"Daytime-occupied, high base load",2.3780306537341955,55.6125913660698,414,False,0.4922523453229785
5,C024,"Daytime-occupied, high base load",0.0,-19.95200937045732,414,False,0.0
6,C024,"Daytime-occupied, high base load",0.11371253233187655,2.9430884642344015,414,False,0.023538494192698444
9,C024,"Daytime-occupied, high base load",0.4622650889942724,13.761889420644465,414,False,0.09568887342181438
10,C024,"Daytime-occupied, high base load",0.0,-5.110624457297873,414,False,0.0
14,C024,"Daytime-occupied, high base load",1.631806948496499,36.663631596570575,414,False,0.3377840383387753
16,C024,"Daytime-occupied, high base load",0.0,-347.2763325681956,341,False,0.0
17,C024,"Daytime-occupied, high base load",0.6475503042386309,13.940118607858347,341,False,0.11040732687268656
18,C024,"Daytime-occupied, high base load",0.23000715270751398,5.91317982880704,341,False,0.03921621953663114
19,C024,"Daytime-occupied, high base load",0.1859362193656196,4.600131452401318,341,False,0.031702125401838144
20,C024,"Daytime-occupied, high base load",1.3502744577891501,36.00088392160555,341,False,0.2302217950530501
22,C024,"Daytime-occupied, high base load",3.3373281473211946,54.684436115720416,341,False,0.5690144491182637
24,C024,"Daytime-occupied, high base load",0.0530818202390928,1.7421972517973547,341,False,0.009050450350765323
26,C024,"Daytime-occupied, high base load",0.8016720246214494,21.114030792291533,414,False,0.16594610909664
27,C024,"Daytime-occupied, high base load",1.614798247720128,34.55032840747889,414,False,0.33426323727806645
30,C024,"Daytime-occupied, high base load",3.2480949018715064,53.77893669628717,414,False,0.6723556446874018
32,C024,"Daytime-occupied, high base load",2.196459485306418,49.66236751086558,341,False,0.3744963422447443
34,C024,"Daytime-occupied, high base load",2.6471479159268974,56.72809306315952,414,False,0.5479596185968677
1,C025,Medium AC users,0.0,-17.31892633151034,218,False,0.0
2,C025,Medium AC users,0.8952477284773238,35.003312932434575,218,False,0.0975820024040283
3,C025,Medium AC users,0.6591092335822492,21.897517314281654,176,False,0.058001612555237926
4,C025,Medium AC users,0.28067554732769334,9.134022836792314,218,False,0.030593634658718574
6,C025,Medium AC users,0.0,-6.6095900419480875,218,False,0.0
8,C025,Medium AC users,0.0,-27.48295450504565,218,False,0.0
10,C025,Medium AC users,0.0,-42.425289228248516,218,False,0.0
11,C025,Medium AC users,0.1333537505693812,5.245954165819025,218,False,0.01453555881206255
13,C025,Medium AC users,0.4453371698628603,20.96816789704673,218,False,0.04854175151505177
16,C025,Medium AC users,0.0,-19.767079260104403,176,False,0.0
17,C025,Medium AC users,0.0,-23.05747181073349,176,False,0.0
19,C025,Medium AC users,0.0,-30.175523258081935,176,False,0.0
21,C025,Medium AC users,0.03820519538916321,1.3311444037725408,218,False,0.00416436629741879
33,C025,Medium AC users,0.0,-9.222127228407137,176,False,0.0
34,C025,Medium AC users,0.0,-0.07692215958562428,176,False,0.0
1,C026,Low consumers without AC,1.8656562501341039,52.73201846877889,341,False,0.3180943906478647
2,C026,Low consumers without AC,0.37897353354860286,12.013124791202982,341,False,0.0646149874700368
3,C026,Low consumers without AC,2.5943241769127976,45.268928173483914,341,False,0.442332272163632
4,C026,Low consumers without AC,1.5196691842025236,43.396115945630996,341,False,0.2591035959065303
6,C026,Low consumers without AC,3.3084047042551146,56.60464553374736,341,False,0.564083002075497
7,C026,Low consumers without AC,0.45586172883673937,12.447365152866517,341,False,0.07772442476666405
8,C026,Low consumers without AC,1.0235688830204457,31.17156441739704,341,False,0.17451849455498597
9,C026,Low consumers without AC,0.7411469995939989,30.34800053875288,341,False,0.1263655634307768
10,C026,Low consumers without AC,7.904664007096078,75.97208796492568,341,False,1.3477452132098813
11,C026,Low consumers without AC,0.0,-9.164154889763344,341,False,0.0
14,C026,Low consumers without AC,0.0,-8.786663392334026,341,False,0.0
15,C026,Low consumers without AC,0.13626831990370722,10.045366996890914,341,False,0.02323374854358208
16,C026,Low consumers without AC,0.0,-11.016188327701627,341,False,0.0
17,C026,Low consumers without AC,0.0,-58.978145577683534,341,False,0.0
20,C026,Low consumers without AC,0.7183502588650912,29.08476966515277,218,False,0.07830017821629494
21,C026,Low consumers without AC,0.4547427220587199,23.827489295675772,218,False,0.04956695670440047
22,C026,Low consumers without AC,0.11607210098074845,6.115849254025473,218,False,0.012651859006901581
24,C026,Low consumers without AC,0.49481754880829454,22.965446887869962,341,False,0.08436639207181422
26,C026,Low consumers without AC,0.2324352728465655,8.799537961963862,414,False,0.04811410147923906
27,C026,Low consumers without AC,1.2742409961476753,44.121249395597495,414,False,0.2637678862025688
28,C026,Low consumers without AC,0.8878615146164158,43.913331154254585,414,False,0.1837873335255981
29,C026,Low consumers without AC,1.9118570253154388,47.93101428623599,414,False,0.3957544042402958
31,C026,Low consumers without AC,0.2359317150095947,14.889680829655472,414,False,0.0488378650069861
32,C026,Low consumers without AC,0.0,-3.6480690636503557,341,False,0.0
36,C026,Low consumers without AC,1.0839415908795482,20.298436922358018,341,False,0.18481204124496298
1,C027,Large evening-peak households,1.5786998073538925,34.272730967915656,218,False,0.1720782790015743
4,C027,Large evening-peak households,0.9936661635015308,31.533828441946437,341,False,0.169420080877011
5,C027,Large evening-peak households,0.44121635898483813,15.781055996910187,341,False,0.07522738920691491
6,C027,Large evening-peak households,1.1818388875383579,22.209307976784515,341,False,0.20150353032529003
7,C027,Large evening-peak households,0.8774221836388136,18.28641037572047,341,False,0.14960048231041773
8,C027,Large evening-peak households,0.22958402510530976,8.083558754542722,341,False,0.03914407628045532
9,C027,Large evening-peak households,0.378729923366311,9.930090080324026,341,False,0.06457345193395603
11,C027,Large evening-peak households,1.6370552203586755,44.63107326829316,341,False,0.2791179150711542
13,C027,Large evening-peak households,0.0,-3.6436506177777233,341,False,0.0
14,C027,Large evening-peak households,1.0148863420740522,22.340988269239983,341,False,0.1730381213236259
15,C027,Large evening-peak households,0.3440132733119497,11.840446616719701,218,False,0.03749744679100252
18,C027,Large evening-peak households,0.0,-1.329877325395806,341,False,0.0
19,C027,Large evening-peak households,2.6350654648065612,47.58972590205455,341,False,0.4492786617495187
21,C027,Large evening-peak households,1.4556592746899064,28.978113854323148,341,False,0.24818990633462906
28,C027,Large evening-peak households,0.775288781543222,20.516277692041623,414,False,0.16048477777944695
34,C027,Large evening-peak households,2.0284001419637487,37.8172192559918,341,False,0.34584222420481914
1,C028,Medium AC users,0.0,-17.31892633151034,341,False,0.0
4,C028,Medium AC users,0.28067554732769334,9.134022836792314,341,False,0.04785518081937172
6,C028,Medium AC users,0.0,-6.6095900419480875,341,False,0.0
7,C028,Medium AC users,0.0,-67.11087956267073,341,False,0.0
10,C028,Medium AC users,0.0,-42.425289228248516,341,False,0.0
11,C028,Medium AC users,0.1333537505693812,5.245954165819025,341,False,0.022736814472079495
12,C028,Medium AC users,0.1702952682850708,5.263990947424982,341,False,0.029035343242604573
13,C028,Medium AC users,0.4453371698628603,20.96816789704673,341,False,0.07592998746161768
16,C028,Medium AC users,0.0,-19.767079260104403,218,False,0.0
19,C028,Medium AC users,0.0,-30.175523258081935,218,False,0.0
22,C028,Medium AC users,0.27472480784991116,16.1900258809196,341,False,0.04684057973840985
23,C028,Medium AC users,0.2898736981453341,12.195568608273103,218,False,0.03159623309784142
27,C028,Medium AC users,0.9598297770150737,32.39984552249225,414,False,0.19868476384212025
31,C028,Medium AC users,0.574828913144501,21.065868669783267,414,False,0.1189895850209117
32,C028,Medium AC users,0.3005291263351135,7.667643391617049,341,False,0.05124021604013685
35,C028,Medium AC users,0.0,-38.518393487094684,341,False,0.0
1,C029,Large evening-peak households,1.5786998073538925,34.272730967915656,414,False,0.3267908601222558
2,C029,Large evening-peak households,1.4495413444752299,27.885442105447893,414,False,0.3000550583063726
4,C029,Large evening-peak households,0.9936661635015308,31.533828441946437,414,False,0.20568889584481687
5,C029,Large evening-peak households,0.44121635898483813,15.781055996910187,414,False,0.0913317863098615
8,C029,Large evening-peak households,0.22958402510530976,8.083558754542722,414,False,0.04752389319679912
9,C029,Large evening-peak households,0.378729923366311,9.930090080324026,414,False,0.07839709413682638
11,C029,Large evening-peak households,1.6370552203586755,44.63107326829316,414,False,0.3388704306142458
13,C029,Large evening-peak households,0.0,-3.6436506177777233,414,False,0.0
14,C029,Large evening-peak households,1.0148863420740522,22.340988269239983,414,False,0.2100814728093288
15,C029,Large evening-peak households,0.3440132733119497,11.840446616719701,341,False,0.05865426309968742
16,C029,Large evening-peak households,0.0,-9.613989014511295,341,False,0.0
17,C029,Large evening-peak households,0.2674316271759588,7.433839430036905,341,False,0.04559709243350098
19,C029,Large evening-peak households,2.6350654648065612,47.58972590205455,341,False,0.4492786617495187
20,C029,Large evening-peak households,0.6300379123075253,17.673216658400634,341,False,0.10742146404843306
21,C029,Large evening-peak households,1.4556592746899064,28.978113854323148,341,False,0.24818990633462906
22,C029,Large evening-peak households,1.5507685044748347,47.68191217675731,341,False,0.2644060300129593
23,C029,Large evening-peak households,1.6907349611162,43.94278428943006,341,False,0.2882703108703121
24,C029,Large evening-peak households,1.3969830913089598,31.754717458329274,341,False,0.23818561706817765
29,C029,Large evening-peak households,2.1043948107924253,35.914934419976866,414,False,0.435609725834032
30,C029,Large evening-peak households,2.545643688961034,52.804584668377096,414,False,0.5269482436149341
36,C029,Large evening-peak households,1.5750801839838133,40.42592062737828,414,False,0.3260415980846494
1,C030,Medium AC users,0.0,-17.31892633151034,341,False,0.0
2,C030,Medium AC users,0.8952477284773238,35.003312932434575,218,False,0.0975820024040283
5,C030,Medium AC users,0.6124296379288118,12.779944983264084,341,False,0.10441925326686241
6,C030,Medium AC users,0.0,-6.6095900419480875,341,False,0.0
7,C030,Medium AC users,0.0,-67.11087956267073,341,False,0.0
10,C030,Medium AC users,0.0,-42.425289228248516,341,False,0.0
11,C030,Medium AC users,0.1333537505693812,5.245954165819025,341,False,0.022736814472079495
13,C030,Medium AC users,0.4453371698628603,20.96816789704673,341,False,0.07592998746161768
14,C030,Medium AC users,2.178539952757431,37.66937130341806,341,False,0.371441061945142
16,C030,Medium AC users,0.0,-19.767079260104403,218,False,0.0
17,C030,Medium AC users,0.0,-23.05747181073349,218,False,0.0
18,C030,Medium AC users,0.9321267288793549,28.519310841327616,218,False,0.10160181344784967
20,C030,Medium AC users,0.0,-10.040766560966588,218,False,0.0
22,C030,Medium AC users,0.27472480784991116,16.1900258809196,218,False,0.029945004055640316
25,C030,Medium AC users,1.4791217719247096,38.6287298309086,341,False,0.252190262113163
30,C030,Medium AC users,0.2503416784511745,7.507660184229453,414,False,0.05182072743939312
34,C030,Medium AC users,0.0,-0.07692215958562428,341,False,0.0
2,C031,Large evening-peak households,1.4495413444752299,27.885442105447893,341,False,0.24714679923302668
3,C031,Large evening-peak households,1.184598513241034,21.209778516934122,341,False,0.2019740465075963
5,C031,Large evening-peak households,0.44121635898483813,15.781055996910187,414,False,0.0913317863098615
9,C031,Large evening-peak households,0.378729923366311,9.930090080324026,414,False,0.07839709413682638
11,C031,Large evening-peak households,1.6370552203586755,44.63107326829316,414,False,0.3388704306142458
12,C031,Large evening-peak households,0.635365003195212,16.762069906737146,414,False,0.1315205556614089
13,C031,Large evening-peak households,0.0,-3.6436506177777233,414,False,0.0
15,C031,Large evening-peak households,0.3440132733119497,11.840446616719701,341,False,0.05865426309968742
17,C031,Large evening-peak households,0.2674316271759588,7.433839430036905,341,False,0.04559709243350098
18,C031,Large evening-peak households,0.0,-1.329877325395806,341,False,0.0
20,C031,Large evening-peak households,0.6300379123075253,17.673216658400634,341,False,0.10742146404843306
21,C031,Large evening-peak households,1.4556592746899064,28.978113854323148,341,False,0.24818990633462906
22,C031,Large evening-peak households,1.5507685044748347,47.68191217675731,341,False,0.2644060300129593
23,C031,Large evening-peak households,1.6907349611162,43.94278428943006,341,False,0.2882703108703121
24,C031,Large evening-peak households,1.3969830913089598,31.754717458329274,341,False,0.23818561706817765
26,C031,Large evening-peak households,2.060594717912322,35.4456357756542,414,False,0.42654310660785066
31,C031,Large evening-peak households,2.379805212065455,51.29918964413597,341,False,0.4057567886571601
33,C031,Large evening-peak households,1.7582317184625875,31.970111253084863,414,False,0.3639539657217556
36,C031,Large evening-peak households,1.5750801839838133,40.42592062737828,414,False,0.3260415980846494
1,C032,Medium AC users,0.0,-17.31892633151034,341,False,0.0
3,C032,Medium AC users,0.6591092335822492,21.897517314281654,341,False,0.11237812432577349
4,C032,Medium AC users,0.28067554732769334,9.134022836792314,341,False,0.04785518081937172
5,C032,Medium AC users,0.6124296379288118,12.779944983264084,341,False,0.10441925326686241
6,C032,Medium AC users,0.0,-6.6095900419480875,341,False,0.0
7,C032,Medium AC users,0.0,-67.11087956267073,341,False,0.0
10,C032,Medium AC users,0.0,-42.425289228248516,341,False,0.0
11,C032,Medium AC users,0.1333537505693812,5.245954165819025,341,False,0.022736814472079495
12,C032,Medium AC users,0.1702952682850708,5.263990947424982,341,False,0.029035343242604573
13,C032,Medium AC users,0.4453371698628603,20.96816789704673,341,False,0.07592998746161768
14,C032,Medium AC users,2.178539952757431,37.66937130341806,341,False,0.371441061945142
15,C032,Medium AC users,0.3569748554641888,12.617408431668121,176,False,0.031413787280848614
16,C032,Medium AC users,0.0,-19.767079260104403,218,False,0.0
18,C032,Medium AC users,0.9321267288793549,28.519310841327616,218,False,0.10160181344784967
20,C032,Medium AC users,0.0,-10.040766560966588,218,False,0.0
21,C032,Medium AC users,0.03820519538916321,1.3311444037725408,218,False,0.00416436629741879
22,C032,Medium AC users,0.27472480784991116,16.1900258809196,218,False,0.029945004055640316
23,C032,Medium AC users,0.2898736981453341,12.195568608273103,176,False,0.0255088854367894
24,C032,Medium AC users,0.39545170764422566,14.454173342894327,218,False,0.0431042361332206
26,C032,Medium AC users,0.7147976322054115,17.279518003323105,414,False,0.14796310986652017
27,C032,Medium AC users,0.9598297770150737,32.39984552249225,414,False,0.19868476384212025
28,C032,Medium AC users,0.8120303555384414,30.730277997474964,414,False,0.16809028359645736
36,C032,Medium AC users,1.462324364931792,46.84076155081777,218,False,0.15939335577756536
1,C033,Large evening-peak households,1.5786998073538925,34.272730967915656,341,False,0.26916831715383865
2,C033,Large evening-peak households,1.4495413444752299,27.885442105447893,341,False,0.24714679923302668
3,C033,Large evening-peak households,1.184598513241034,21.209778516934122,341,False,0.2019740465075963
4,C033,Large evening-peak households,0.9936661635015308,31.533828441946437,341,False,0.169420080877011
5,C033,Large evening-peak households,0.44121635898483813,15.781055996910187,341,False,0.07522738920691491
6,C033,Large evening-peak households,1.1818388875383579,22.209307976784515,414,False,0.24464064972044008
7,C033,Large evening-peak households,0.8774221836388136,18.28641037572047,341,False,0.14960048231041773
8,C033,Large evening-peak households,0.22958402510530976,8.083558754542722,414,False,0.04752389319679912
13,C033,Large evening-peak households,0.0,-3.6436506177777233,341,False,0.0
14,C033,Large evening-peak households,1.0148863420740522,22.340988269239983,414,False,0.2100814728093288
15,C033,Large evening-peak households,0.3440132733119497,11.840446616719701,341,False,0.05865426309968742
16,C033,Large evening-peak households,0.0,-9.613989014511295,341,False,0.0
17,C033,Large evening-peak households,0.2674316271759588,7.433839430036905,341,False,0.04559709243350098
19,C033,Large evening-peak households,2.6350654648065612,47.58972590205455,341,False,0.4492786617495187
21,C033,Large evening-peak households,1.4556592746899064,28.978113854323148,341,False,0.24818990633462906
22,C033,Large evening-peak households,1.5507685044748347,47.68191217675731,341,False,0.2644060300129593
24,C033,Large evening-peak households,1.3969830913089598,31.754717458329274,341,False,0.23818561706817765
26,C033,Large evening-peak households,2.060594717912322,35.4456357756542,414,False,0.42654310660785066
30,C033,Large evening-peak households,2.545643688961034,52.804584668377096,414,False,0.5269482436149341
31,C033,Large evening-peak households,2.379805212065455,51.29918964413597,414,False,0.4926196788975492
35,C033,Large evening-peak households,1.3204865157331611,43.77037578259852,341,False,0.22514295093250397
1,C034,Large evening-peak households,1.5786998073538925,34.272730967915656,341,False,0.26916831715383865
2,C034,Large evening-peak households,1.4495413444752299,27.885442105447893,341,False,0.24714679923302668
4,C034,Large evening-peak households,0.9936661635015308,31.533828441946437,341,False,0.169420080877011
5,C034,Large evening-peak households,0.44121635898483813,15.781055996910187,341,False,0.07522738920691491
8,C034,Large evening-peak households,0.22958402510530976,8.083558754542722,341,False,0.03914407628045532
9,C034,Large evening-peak households,0.378729923366311,9.930090080324026,341,False,0.06457345193395603
10,C034,Large evening-peak households,0.6352541826645511,16.417211011964945,341,False,0.10831083814430598
11,C034,Large evening-peak households,1.6370552203586755,44.63107326829316,341,False,0.2791179150711542
16,C034,Large evening-peak households,0.0,-9.613989014511295,218,False,0.0
17,C034,Large evening-peak households,0.2674316271759588,7.433839430036905,218,False,0.02915004736217951
21,C034,Large evening-peak households,1.4556592746899064,28.978113854323148,341,False,0.24818990633462906
22,C034,Large evening-peak households,1.5507685044748347,47.68191217675731,341,False,0.2644060300129593
24,C034,Large evening-peak households,1.3969830913089598,31.754717458329274,341,False,0.23818561706817765
26,C034,Large evening-peak households,2.060594717912322,35.4456357756542,414,False,0.42654310660785066
31,C034,Large evening-peak households,2.379805212065455,51.29918964413597,414,False,0.4926196788975492
35,C034,Large evening-peak households,1.3204865157331611,43.77037578259852,341,False,0.22514295093250397
1,C035,Large evening-peak households,1.5786998073538925,34.272730967915656,341,False,0.26916831715383865
2,C035,Large evening-peak households,1.4495413444752299,27.885442105447893,341,False,0.24714679923302668
3,C035,Large evening-peak households,1.184598513241034,21.209778516934122,341,False,0.2019740465075963
4,C035,Large evening-peak households,0.9936661635015308,31.533828441946437,341,False,0.169420080877011
5,C035,Large evening-peak households,0.44121635898483813,15.781055996910187,341,False,0.07522738920691491
7,C035,Large evening-peak households,0.8774221836388136,18.28641037572047,341,False,0.14960048231041773
8,C035,Large evening-peak households,0.22958402510530976,8.083558754542722,341,False,0.03914407628045532
10,C035,Large evening-peak households,0.6352541826645511,16.417211011964945,341,False,0.10831083814430598
11,C035,Large evening-peak households,1.6370552203586755,44.63107326829316,341,False,0.2791179150711542
12,C035,Large evening-peak households,0.635365003195212,16.762069906737146,341,False,0.10832973304478365
13,C035,Large evening-peak households,0.0,-3.6436506177777233,341,False,0.0
14,C035,Large evening-peak households,1.0148863420740522,22.340988269239983,341,False,0.1730381213236259
17,C035,Large evening-peak households,0.2674316271759588,7.433839430036905,341,False,0.04559709243350098
18,C035,Large evening-peak households,0.0,-1.329877325395806,341,False,0.0
20,C035,Large evening-peak households,0.6300379123075253,17.673216658400634,341,False,0.10742146404843306
22,C035,Large evening-peak households,1.5507685044748347,47.68191217675731,341,False,0.2644060300129593
23,C035,Large evening-peak households,1.6907349611162,43.94278428943006,341,False,0.2882703108703121
24,C035,Large evening-peak households,1.3969830913089598,31.754717458329274,341,False,0.23818561706817765
25,C035,Large evening-peak households,0.22138566439379362,5.740192980805201,341,False,0.03774625577914181
26,C035,Large evening-peak households,2.060594717912322,35.4456357756542,414,False,0.42654310660785066
29,C035,Large evening-peak households,2.1043948107924253,35.914934419976866,414,False,0.435609725834032
30,C035,Large evening-peak households,2.545643688961034,52.804584668377096,414,False,0.5269482436149341
31,C035,Large evening-peak households,2.379805212065455,51.29918964413597,414,False,0.4926196788975492
35,C035,Large evening-peak households,1.3204865157331611,43.77037578259852,341,False,0.22514295093250397
36,C035,Large evening-peak households,1.5750801839838133,40.42592062737828,341,False,0.26855117136924017
1,C036,Medium AC users,0.0,-17.31892633151034,341,False,0.0
5,C036,Medium AC users,0.6124296379288118,12.779944983264084,341,False,0.10441925326686241
11,C036,Medium AC users,0.1333537505693812,5.245954165819025,341,False,0.022736814472079495
14,C036,Medium AC users,2.178539952757431,37.66937130341806,341,False,0.371441061945142
18,C036,Medium AC users,0.9321267288793549,28.519310841327616,218,False,0.10160181344784967
24,C036,Medium AC users,0.39545170764422566,14.454173342894327,218,False,0.0431042361332206
26,C036,Medium AC users,0.7147976322054115,17.279518003323105,414,False,0.14796310986652017
27,C036,Medium AC users,0.9598297770150737,32.39984552249225,414,False,0.19868476384212025
33,C036,Medium AC users,0.0,-9.222127228407137,341,False,0.0
2,C037,"Daytime-occupied, high base load",2.0899093518454794,32.99736942302636,341,False,0.35632954448965426
3,C037,"Daytime-occupied, high base load",2.4819127934015146,39.56457438908895,341,False,0.4231661312749582
4,C037,"Daytime-occupied, high base load",2.3780306537341955,55.6125913660698,414,False,0.4922523453229785
6,C037,"Daytime-occupied, high base load",0.11371253233187655,2.9430884642344015,414,False,0.023538494192698444
7,C037,"Daytime-occupied, high base load",1.8437225094509202,28.182149817968458,414,False,0.38165055945634047
8,C037,"Daytime-occupied, high base load",0.5729960626128848,13.247318815825928,414,False,0.11861018496086716
9,C037,"Daytime-occupied, high base load",0.4622650889942724,13.761889420644465,414,False,0.09568887342181438
10,C037,"Daytime-occupied, high base load",0.0,-5.110624457297873,414,False,0.0
11,C037,"Daytime-occupied, high base load",0.0,-17.276960752615423,414,False,0.0
12,C037,"Daytime-occupied, high base load",1.606356809941834,32.620283269861254,414,False,0.33251585965795966
14,C037,"Daytime-occupied, high base load",1.631806948496499,36.663631596570575,414,False,0.3377840383387753
16,C037,"Daytime-occupied, high base load",0.0,-347.2763325681956,341,False,0.0
17,C037,"Daytime-occupied, high base load",0.6475503042386309,13.940118607858347,341,False,0.11040732687268656
18,C037,"Daytime-occupied, high base load",0.23000715270751398,5.91317982880704,341,False,0.03921621953663114
19,C037,"Daytime-occupied, high base load",0.1859362193656196,4.600131452401318,341,False,0.031702125401838144
20,C037,"Daytime-occupied, high base load",1.3502744577891501,36.00088392160555,341,False,0.2302217950530501
21,C037,"Daytime-occupied, high base load",1.614259473982357,65.90223302010347,341,False,0.2752312403139919
22,C037,"Daytime-occupied, high base load",3.3373281473211946,54.684436115720416,341,False,0.5690144491182637
23,C037,"Daytime-occupied, high base load",0.6785465107323819,29.063827307442107,341,False,0.11569218007987112
26,C037,"Daytime-occupied, high base load",0.8016720246214494,21.114030792291533,414,False,0.16594610909664
28,C037,"Daytime-occupied, high base load",3.064369918626051,53.087871333338214,414,False,0.6343245731555925
31,C037,"Daytime-occupied, high base load",0.4803825721846014,17.984901314464427,414,False,0.09943919244221248
32,C037,"Daytime-occupied, high base load",2.196459485306418,49.66236751086558,414,False,0.4546671134584286
34,C037,"Daytime-occupied, high base load",2.6471479159268974,56.72809306315952,414,False,0.5479596185968677
35,C037,"Daytime-occupied, high base load",1.4249260763141178,27.273612272125938,414,False,0.2949596977970224
1,C038,Medium AC users,0.0,-17.31892633151034,218,False,0.0
3,C038,Medium AC users,0.6591092335822492,21.897517314281654,176,False,0.058001612555237926
6,C038,Medium AC users,0.0,-6.6095900419480875,218,False,0.0
11,C038,Medium AC users,0.1333537505693812,5.245954165819025,176,False,0.011735130050105546
12,C038,Medium AC users,0.1702952682850708,5.263990947424982,218,False,0.018562184243072717
16,C038,Medium AC users,0.0,-19.767079260104403,176,False,0.0
17,C038,Medium AC users,0.0,-23.05747181073349,176,False,0.0
18,C038,Medium AC users,0.9321267288793549,28.519310841327616,176,False,0.08202715214138323
23,C038,Medium AC users,0.2898736981453341,12.195568608273103,176,False,0.0255088854367894
29,C038,Medium AC users,0.06554230465573863,2.395763126166664,176,False,0.005767722809704999
34,C038,Medium AC users,0.0,-0.07692215958562428,176,False,0.0
1,C039,Medium AC users,0.0,-17.31892633151034,218,False,0.0
3,C039,Medium AC users,0.6591092335822492,21.897517314281654,218,False,0.07184290646046516
4,C039,Medium AC users,0.28067554732769334,9.134022836792314,218,False,0.030593634658718574
6,C039,Medium AC users,0.0,-6.6095900419480875,218,False,0.0
8,C039,Medium AC users,0.0,-27.48295450504565,218,False,0.0
9,C039,Medium AC users,0.0,-18.006754377355527,218,False,0.0
11,C039,Medium AC users,0.1333537505693812,5.245954165819025,218,False,0.01453555881206255
12,C039,Medium AC users,0.1702952682850708,5.263990947424982,218,False,0.018562184243072717
13,C039,Medium AC users,0.4453371698628603,20.96816789704673,341,False,0.07592998746161768
14,C039,Medium AC users,2.178539952757431,37.66937130341806,341,False,0.371441061945142
16,C039,Medium AC users,0.0,-19.767079260104403,218,False,0.0
17,C039,Medium AC users,0.0,-23.05747181073349,218,False,0.0
18,C039,Medium AC users,0.9321267288793549,28.519310841327616,218,False,0.10160181344784967
19,C039,Medium AC users,0.0,-30.175523258081935,218,False,0.0
20,C039,Medium AC users,0.0,-10.040766560966588,218,False,0.0
21,C039,Medium AC users,0.03820519538916321,1.3311444037725408,218,False,0.00416436629741879
22,C039,Medium AC users,0.27472480784991116,16.1900258809196,218,False,0.029945004055640316
23,C039,Medium AC users,0.2898736981453341,12.195568608273103,218,False,0.03159623309784142
24,C039,Medium AC users,0.39545170764422566,14.454173342894327,218,False,0.0431042361332206
26,C039,Medium AC users,0.7147976322054115,17.279518003323105,414,False,0.14796310986652017
27,C039,Medium AC users,0.9598297770150737,32.39984552249225,414,False,0.19868476384212025
29,C039,Medium AC users,0.06554230465573863,2.395763126166664,414,False,0.013567257063737894
32,C039,Medium AC users,0.3005291263351135,7.667643391617049,218,False,0.032757674770527365
33,C039,Medium AC users,0.0,-9.222127228407137,218,False,0.0
34,C039,Medium AC users,0.0,-0.07692215958562428,341,False,0.0
35,C039,Medium AC users,0.0,-38.518393487094684,218,False,0.0
1,C040,Medium AC users,0.0,-17.31892633151034,218,False,0.0
2,C040,Medium AC users,0.8952477284773238,35.003312932434575,218,False,0.0975820024040283
5,C040,Medium AC users,0.6124296379288118,12.779944983264084,218,False,0.06675483053424049
6,C040,Medium AC users,0.0,-6.6095900419480875,218,False,0.0
7,C040,Medium AC users,0.0,-67.11087956267073,218,False,0.0
10,C040,Medium AC users,0.0,-42.425289228248516,218,False,0.0
13,C040,Medium AC users,0.4453371698628603,20.96816789704673,218,False,0.04854175151505177
14,C040,Medium AC users,2.178539952757431,37.66937130341806,218,False,0.23746085485055995
15,C040,Medium AC users,0.3569748554641888,12.617408431668121,218,False,0.03891025924559658
16,C040,Medium AC users,0.0,-19.767079260104403,218,False,0.0
20,C040,Medium AC users,0.0,-10.040766560966588,218,False,0.0
24,C040,Medium AC users,0.39545170764422566,14.454173342894327,218,False,0.0431042361332206
28,C040,Medium AC users,0.8120303555384414,30.730277997474964,341,False,0.13845117561930426
32,C040,Medium AC users,0.3005291263351135,7.667643391617049,341,False,0.05124021604013685
36,C040,Medium AC users,1.462324364931792,46.84076155081777,341,False,0.24932630422087054
1,C041,"Daytime-occupied, high base load",1.3742919228238395,28.37712709326649,414,False,0.28447842802453477
2,C041,"Daytime-occupied, high base load",2.0899093518454794,32.99736942302636,341,False,0.35632954448965426
3,C041,"Daytime-occupied, high base load",2.4819127934015146,39.56457438908895,414,False,0.5137559482341135
4,C041,"Daytime-occupied, high base load",2.3780306537341955,55.6125913660698,414,False,0.4922523453229785
8,C041,"Daytime-occupied, high base load",0.5729960626128848,13.247318815825928,414,False,0.11861018496086716
9,C041,"Daytime-occupied, high base load",0.4622650889942724,13.761889420644465,414,False,0.09568887342181438
11,C041,"Daytime-occupied, high base load",0.0,-17.276960752615423,414,False,0.0
14,C041,"Daytime-occupied, high base load",1.631806948496499,36.663631596570575,414,False,0.3377840383387753
15,C041,"Daytime-occupied, high base load",0.6381198592824631,22.84282695816998,341,False,0.10879943600765996
16,C041,"Daytime-occupied, high base load",0.0,-347.2763325681956,341,False,0.0
17,C041,"Daytime-occupied, high base load",0.6475503042386309,13.940118607858347,341,False,0.11040732687268656
19,C041,"Daytime-occupied, high base load",0.1859362193656196,4.600131452401318,341,False,0.031702125401838144
20,C041,"Daytime-occupied, high base load",1.3502744577891501,36.00088392160555,341,False,0.2302217950530501
24,C041,"Daytime-occupied, high base load",0.0530818202390928,1.7421972517973547,341,False,0.009050450350765323
26,C041,"Daytime-occupied, high base load",0.8016720246214494,21.114030792291533,414,False,0.16594610909664
28,C041,"Daytime-occupied, high base load",3.064369918626051,53.087871333338214,414,False,0.6343245731555925
31,C041,"Daytime-occupied, high base load",0.4803825721846014,17.984901314464427,414,False,0.09943919244221248
34,C041,"Daytime-occupied, high base load",2.6471479159268974,56.72809306315952,414,False,0.5479596185968677
36,C041,"Daytime-occupied, high base load",3.4245303087589805,67.04304765855201,414,False,0.708877773913109
1,C042,Large evening-peak households,1.5786998073538925,34.272730967915656,414,False,0.3267908601222558
3,C042,Large evening-peak households,1.184598513241034,21.209778516934122,414,False,0.24521189224089404
4,C042,Large evening-peak households,0.9936661635015308,31.533828441946437,414,False,0.20568889584481687
5,C042,Large evening-peak households,0.44121635898483813,15.781055996910187,414,False,0.0913317863098615
7,C042,Large evening-peak households,0.8774221836388136,18.28641037572047,414,False,0.1816263920132344
10,C042,Large evening-peak households,0.6352541826645511,16.417211011964945,414,False,0.1314976158115621
11,C042,Large evening-peak households,1.6370552203586755,44.63107326829316,341,False,0.2791179150711542
13,C042,Large evening-peak households,0.0,-3.6436506177777233,341,False,0.0
14,C042,Large evening-peak households,1.0148863420740522,22.340988269239983,341,False,0.1730381213236259
15,C042,Large evening-peak households,0.3440132733119497,11.840446616719701,341,False,0.05865426309968742
19,C042,Large evening-peak households,2.6350654648065612,47.58972590205455,341,False,0.4492786617495187
22,C042,Large evening-peak households,1.5507685044748347,47.68191217675731,341,False,0.2644060300129593
24,C042,Large evening-peak households,1.3969830913089598,31.754717458329274,341,False,0.23818561706817765
26,C042,Large evening-peak households,2.060594717912322,35.4456357756542,414,False,0.42654310660785066
27,C042,Large evening-peak households,0.8598951992139935,19.142585745775143,414,False,0.17799830623729665
28,C042,Large evening-peak households,0.775288781543222,20.516277692041623,414,False,0.16048477777944695
30,C042,Large evening-peak households,2.545643688961034,52.804584668377096,341,False,0.43403224896785636
35,C042,Large evening-peak households,1.3204865157331611,43.77037578259852,414,False,0.27334070875676436
1,C043,Low consumers without AC,1.8656562501341039,52.73201846877889,218,False,0.20335653126461734
6,C043,Low consumers without AC,3.3084047042551146,56.60464553374736,341,False,0.564083002075497
8,C043,Low consumers without AC,1.0235688830204457,31.17156441739704,341,False,0.17451849455498597
9,C043,Low consumers without AC,0.7411469995939989,30.34800053875288,341,False,0.1263655634307768
10,C043,Low consumers without AC,7.904664007096078,75.97208796492568,341,False,1.3477452132098813
11,C043,Low consumers without AC,0.0,-9.164154889763344,341,False,0.0
12,C043,Low consumers without AC,1.8722208269934022,44.44076293980018,341,False,0.31921365100237503
13,C043,Low consumers without AC,0.0,-8.178011231991276,341,False,0.0
15,C043,Low consumers without AC,0.13626831990370722,10.045366996890914,218,False,0.014853246869504087
16,C043,Low consumers without AC,0.0,-11.016188327701627,218,False,0.0
21,C043,Low consumers without AC,0.4547427220587199,23.827489295675772,218,False,0.04956695670440047
23,C043,Low consumers without AC,0.0,-24.07106265143516,218,False,0.0
26,C043,Low consumers without AC,0.2324352728465655,8.799537961963862,414,False,0.04811410147923906
27,C043,Low consumers without AC,1.2742409961476753,44.121249395597495,414,False,0.2637678862025688
1,C044,"Daytime-occupied, high base load",1.3742919228238395,28.37712709326649,414,False,0.28447842802453477
2,C044,"Daytime-occupied, high base load",2.0899093518454794,32.99736942302636,414,False,0.4326112358320142
4,C044,"Daytime-occupied, high base load",2.3780306537341955,55.6125913660698,414,False,0.4922523453229785
5,C044,"Daytime-occupied, high base load",0.0,-19.95200937045732,414,False,0.0
6,C044,"Daytime-occupied, high base load",0.11371253233187655,2.9430884642344015,414,False,0.023538494192698444
7,C044,"Daytime-occupied, high base load",1.8437225094509202,28.182149817968458,414,False,0.38165055945634047
9,C044,"Daytime-occupied, high base load",0.4622650889942724,13.761889420644465,414,False,0.09568887342181438
10,C044,"Daytime-occupied, high base load",0.0,-5.110624457297873,414,False,0.0
11,C044,"Daytime-occupied, high base load",0.0,-17.276960752615423,414,False,0.0
13,C044,"Daytime-occupied, high base load",0.13338552713979035,10.297968968014013,414,False,0.027610804117936604
14,C044,"Daytime-occupied, high base load",1.631806948496499,36.663631596570575,414,False,0.3377840383387753
15,C044,"Daytime-occupied, high base load",0.6381198592824631,22.84282695816998,341,False,0.10879943600765996
16,C044,"Daytime-occupied, high base load",0.0,-347.2763325681956,341,False,0.0
17,C044,"Daytime-occupied, high base load",0.6475503042386309,13.940118607858347,341,False,0.11040732687268656
18,C044,"Daytime-occupied, high base load",0.23000715270751398,5.91317982880704,341,False,0.03921621953663114
20,C044,"Daytime-occupied, high base load",1.3502744577891501,36.00088392160555,341,False,0.2302217950530501
21,C044,"Daytime-occupied, high base load",1.614259473982357,65.90223302010347,341,False,0.2752312403139919
22,C044,"Daytime-occupied, high base load",3.3373281473211946,54.684436115720416,341,False,0.5690144491182637
24,C044,"Daytime-occupied, high base load",0.0530818202390928,1.7421972517973547,341,False,0.009050450350765323
25,C044,"Daytime-occupied, high base load",0.1852282478442686,4.765593441833441,341,False,0.0315814162574478
26,C044,"Daytime-occupied, high base load",0.8016720246214494,21.114030792291533,414,False,0.16594610909664
27,C044,"Daytime-occupied, high base load",1.614798247720128,34.55032840747889,414,False,0.33426323727806645
29,C044,"Daytime-occupied, high base load",1.6391167110144176,34.43468213722285,414,False,0.33929715917998443
30,C044,"Daytime-occupied, high base load",3.2480949018715064,53.77893669628717,414,False,0.6723556446874018
31,C044,"Daytime-occupied, high base load",0.4803825721846014,17.984901314464427,341,False,0.08190522855747455
32,C044,"Daytime-occupied, high base load",2.196459485306418,49.66236751086558,218,False,0.23941408389839958
34,C044,"Daytime-occupied, high base load",2.6471479159268974,56.72809306315952,218,False,0.28853912283603184
36,C044,"Daytime-occupied, high base load",3.4245303087589805,67.04304765855201,176,False,0.3013586671707903
1,C045,Low consumers without AC,1.8656562501341039,52.73201846877889,341,False,0.3180943906478647
2,C045,Low consumers without AC,0.37897353354860286,12.013124791202982,341,False,0.0646149874700368
3,C045,Low consumers without AC,2.5943241769127976,45.268928173483914,341,False,0.442332272163632
4,C045,Low consumers without AC,1.5196691842025236,43.396115945630996,341,False,0.2591035959065303
5,C045,Low consumers without AC,0.3785453652606239,19.798057456979194,341,False,0.06454198477693637
6,C045,Low consumers without AC,3.3084047042551146,56.60464553374736,341,False,0.564083002075497
7,C045,Low consumers without AC,0.45586172883673937,12.447365152866517,341,False,0.07772442476666405
8,C045,Low consumers without AC,1.0235688830204457,31.17156441739704,341,False,0.17451849455498597
9,C045,Low consumers without AC,0.7411469995939989,30.34800053875288,341,False,0.1263655634307768
10,C045,Low consumers without AC,7.904664007096078,75.97208796492568,341,False,1.3477452132098813
12,C045,Low consumers without AC,1.8722208269934022,44.44076293980018,341,False,0.31921365100237503
13,C045,Low consumers without AC,0.0,-8.178011231991276,341,False,0.0
14,C045,Low consumers without AC,0.0,-8.786663392334026,341,False,0.0
15,C045,Low consumers without AC,0.13626831990370722,10.045366996890914,218,False,0.014853246869504087
16,C045,Low consumers without AC,0.0,-11.016188327701627,218,False,0.0
17,C045,Low consumers without AC,0.0,-58.978145577683534,341,False,0.0
18,C045,Low consumers without AC,1.6939161134839704,47.54004123460301,341,False,0.28881269734901693
19,C045,Low consumers without AC,1.3983302827078816,43.94267580708846,218,False,0.1524180008151591
20,C045,Low consumers without AC,0.7183502588650912,29.08476966515277,218,False,0.07830017821629494
21,C045,Low consumers without AC,0.4547427220587199,23.827489295675772,218,False,0.04956695670440047
22,C045,Low consumers without AC,0.11607210098074845,6.115849254025473,218,False,0.012651859006901581
24,C045,Low consumers without AC,0.49481754880829454,22.965446887869962,341,False,0.08436639207181422
25,C045,Low consumers without AC,0.6049231848657519,13.874947657639442,341,False,0.10313940301961069
28,C045,Low consumers without AC,0.8878615146164158,43.913331154254585,414,False,0.1837873335255981
29,C045,Low consumers without AC,1.9118570253154388,47.93101428623599,414,False,0.3957544042402958
30,C045,Low consumers without AC,1.3108046226742562,40.47035476667002,414,False,0.271336556893571
31,C045,Low consumers without AC,0.2359317150095947,14.889680829655472,414,False,0.0488378650069861
33,C045,Low consumers without AC,2.0108155663065883,41.848263310668464,414,False,0.41623882222546377
1,C046,Low consumers without AC,1.8656562501341039,52.73201846877889,218,False,0.20335653126461734
2,C046,Low consumers without AC,0.37897353354860286,12.013124791202982,218,False,0.04130811515679771
4,C046,Low consumers without AC,1.5196691842025236,43.396115945630996,218,False,0.16564394107807506
6,C046,Low consumers without AC,3.3084047042551146,56.60464553374736,218,False,0.3606161127638075
7,C046,Low consumers without AC,0.45586172883673937,12.447365152866517,218,False,0.04968892844320459
9,C046,Low consumers without AC,0.7411469995939989,30.34800053875288,218,False,0.08078502295574587
10,C046,Low consumers without AC,7.904664007096078,75.97208796492568,218,False,0.8616083767734725
12,C046,Low consumers without AC,1.8722208269934022,44.44076293980018,218,False,0.20407207014228085
13,C046,Low consumers without AC,0.0,-8.178011231991276,218,False,0.0
14,C046,Low consumers without AC,0.0,-8.786663392334026,218,False,0.0
15,C046,Low consumers without AC,0.13626831990370722,10.045366996890914,218,False,0.014853246869504087
16,C046,Low consumers without AC,0.0,-11.016188327701627,218,False,0.0
17,C046,Low consumers without AC,0.0,-58.978145577683534,218,False,0.0
18,C046,Low consumers without AC,1.6939161134839704,47.54004123460301,218,False,0.18463685636975277
22,C046,Low consumers without AC,0.11607210098074845,6.115849254025473,218,False,0.012651859006901581
24,C046,Low consumers without AC,0.49481754880829454,22.965446887869962,218,False,0.0539351128201041
26,C046,Low consumers without AC,0.2324352728465655,8.799537961963862,218,False,0.02533544474027564
27,C046,Low consumers without AC,1.2742409961476753,44.121249395597495,218,False,0.13889226858009662
28,C046,Low consumers without AC,0.8878615146164158,43.913331154254585,218,False,0.09677690509318933
1,C047,"Daytime-occupied, high base load",1.3742919228238395,28.37712709326649,414,False,0.28447842802453477
3,C047,"Daytime-occupied, high base load",2.4819127934015146,39.56457438908895,414,False,0.5137559482341135
4,C047,"Daytime-occupied, high base load",2.3780306537341955,55.6125913660698,414,False,0.4922523453229785
5,C047,"Daytime-occupied, high base load",0.0,-19.95200937045732,414,False,0.0
6,C047,"Daytime-occupied, high base load",0.11371253233187655,2.9430884642344015,414,False,0.023538494192698444
8,C047,"Daytime-occupied, high base load",0.5729960626128848,13.247318815825928,414,False,0.11861018496086716
9,C047,"Daytime-occupied, high base load",0.4622650889942724,13.761889420644465,414,False,0.09568887342181438
10,C047,"Daytime-occupied, high base load",0.0,-5.110624457297873,414,False,0.0
12,C047,"Daytime-occupied, high base load",1.606356809941834,32.620283269861254,414,False,0.33251585965795966
14,C047,"Daytime-occupied, high base load",1.631806948496499,36.663631596570575,414,False,0.3377840383387753
16,C047,"Daytime-occupied, high base load",0.0,-347.2763325681956,341,False,0.0
18,C047,"Daytime-occupied, high base load",0.23000715270751398,5.91317982880704,341,False,0.03921621953663114
19,C047,"Daytime-occupied, high base load",0.1859362193656196,4.600131452401318,341,False,0.031702125401838144
20,C047,"Daytime-occupied, high base load",1.3502744577891501,36.00088392160555,341,False,0.2302217950530501
24,C047,"Daytime-occupied, high base load",0.0530818202390928,1.7421972517973547,414,False,0.01098793678949221
25,C047,"Daytime-occupied, high base load",0.1852282478442686,4.765593441833441,414,False,0.0383422473037636
27,C047,"Daytime-occupied, high base load",1.614798247720128,34.55032840747889,414,False,0.33426323727806645
28,C047,"Daytime-occupied, high base load",3.064369918626051,53.087871333338214,414,False,0.6343245731555925
29,C047,"Daytime-occupied, high base load",1.6391167110144176,34.43468213722285,414,False,0.33929715917998443
30,C047,"Daytime-occupied, high base load",3.2480949018715064,53.77893669628717,414,False,0.6723556446874018
32,C047,"Daytime-occupied, high base load",2.196459485306418,49.66236751086558,414,False,0.4546671134584286
36,C047,"Daytime-occupied, high base load",3.4245303087589805,67.04304765855201,414,False,0.708877773913109
1,C048,Medium AC users,0.0,-17.31892633151034,341,False,0.0
2,C048,Medium AC users,0.8952477284773238,35.003312932434575,341,False,0.15263973770538372
3,C048,Medium AC users,0.6591092335822492,21.897517314281654,341,False,0.11237812432577349
4,C048,Medium AC users,0.28067554732769334,9.134022836792314,341,False,0.04785518081937172
5,C048,Medium AC users,0.6124296379288118,12.779944983264084,341,False,0.10441925326686241
6,C048,Medium AC users,0.0,-6.6095900419480875,341,False,0.0
7,C048,Medium AC users,0.0,-67.11087956267073,341,False,0.0
8,C048,Medium AC users,0.0,-27.48295450504565,341,False,0.0
9,C048,Medium AC users,0.0,-18.006754377355527,341,False,0.0
11,C048,Medium AC users,0.1333537505693812,5.245954165819025,341,False,0.022736814472079495
12,C048,Medium AC users,0.1702952682850708,5.263990947424982,341,False,0.029035343242604573
14,C048,Medium AC users,2.178539952757431,37.66937130341806,341,False,0.371441061945142
16,C048,Medium AC users,0.0,-19.767079260104403,218,False,0.0
17,C048,Medium AC users,0.0,-23.05747181073349,218,False,0.0
18,C048,Medium AC users,0.9321267288793549,28.519310841327616,218,False,0.10160181344784967
19,C048,Medium AC users,0.0,-30.175523258081935,218,False,0.0
20,C048,Medium AC users,0.0,-10.040766560966588,218,False,0.0
21,C048,Medium AC users,0.03820519538916321,1.3311444037725408,218,False,0.00416436629741879
24,C048,Medium AC users,0.39545170764422566,14.454173342894327,218,False,0.0431042361332206
26,C048,Medium AC users,0.7147976322054115,17.279518003323105,414,False,0.14796310986652017
28,C048,Medium AC users,0.8120303555384414,30.730277997474964,414,False,0.16809028359645736
29,C048,Medium AC users,0.06554230465573863,2.395763126166664,414,False,0.013567257063737894
30,C048,Medium AC users,0.2503416784511745,7.507660184229453,414,False,0.05182072743939312
31,C048,Medium AC users,0.574828913144501,21.065868669783267,341,False,0.09800832969113742
32,C048,Medium AC users,0.3005291263351135,7.667643391617049,341,False,0.05124021604013685
33,C048,Medium AC users,0.0,-9.222127228407137,341,False,0.0
34,C048,Medium AC users,0.0,-0.07692215958562428,341,False,0.0
35,C048,Medium AC users,0.0,-38.518393487094684,341,False,0.0
1,C049,Medium AC users,0.0,-17.31892633151034,341,False,0.0
2,C049,Medium AC users,0.8952477284773238,35.003312932434575,341,False,0.15263973770538372
3,C049,Medium AC users,0.6591092335822492,21.897517314281654,341,False,0.11237812432577349
4,C049,Medium AC users,0.28067554732769334,9.134022836792314,341,False,0.04785518081937172
5,C049,Medium AC users,0.6124296379288118,12.779944983264084,341,False,0.10441925326686241
6,C049,Medium AC users,0.0,-6.6095900419480875,341,False,0.0
8,C049,Medium AC users,0.0,-27.48295450504565,341,False,0.0
9,C049,Medium AC users,0.0,-18.006754377355527,341,False,0.0
10,C049,Medium AC users,0.0,-42.425289228248516,341,False,0.0
11,C049,Medium AC users,0.1333537505693812,5.245954165819025,341,False,0.022736814472079495
14,C049,Medium AC users,2.178539952757431,37.66937130341806,341,False,0.371441061945142
15,C049,Medium AC users,0.3569748554641888,12.617408431668121,176,False,0.031413787280848614
17,C049,Medium AC users,0.0,-23.05747181073349,218,False,0.0
19,C049,Medium AC users,0.0,-30.175523258081935,218,False,0.0
20,C049,Medium AC users,0.0,-10.040766560966588,218,False,0.0
21,C049,Medium AC users,0.03820519538916321,1.3311444037725408,218,False,0.00416436629741879
22,C049,Medium AC users,0.27472480784991116,16.1900258809196,218,False,0.029945004055640316
24,C049,Medium AC users,0.39545170764422566,14.454173342894327,218,False,0.0431042361332206
25,C049,Medium AC users,1.4791217719247096,38.6287298309086,341,False,0.252190262113163
26,C049,Medium AC users,0.7147976322054115,17.279518003323105,414,False,0.14796310986652017
27,C049,Medium AC users,0.9598297770150737,32.39984552249225,414,False,0.19868476384212025
29,C049,Medium AC users,0.06554230465573863,2.395763126166664,414,False,0.013567257063737894
31,C049,Medium AC users,0.574828913144501,21.065868669783267,414,False,0.1189895850209117
34,C049,Medium AC users,0.0,-0.07692215958562428,341,False,0.0
35,C049,Medium AC users,0.0,-38.518393487094684,341,False,0.0
36,C049,Medium AC users,1.462324364931792,46.84076155081777,414,False,0.30270114354088096
2,C050,Low consumers without AC,0.37897353354860286,12.013124791202982,218,False,0.04130811515679771
3,C050,Low consumers without AC,2.5943241769127976,45.268928173483914,218,False,0.2827813352834949
4,C050,Low consumers without AC,1.5196691842025236,43.396115945630996,341,False,0.2591035959065303
5,C050,Low consumers without AC,0.3785453652606239,19.798057456979194,341,False,0.06454198477693637
6,C050,Low consumers without AC,3.3084047042551146,56.60464553374736,341,False,0.564083002075497
8,C050,Low consumers without AC,1.0235688830204457,31.17156441739704,341,False,0.17451849455498597
11,C050,Low consumers without AC,0.0,-9.164154889763344,341,False,0.0
13,C050,Low consumers without AC,0.0,-8.178011231991276,341,False,0.0
15,C050,Low consumers without AC,0.13626831990370722,10.045366996890914,218,False,0.014853246869504087
16,C050,Low consumers without AC,0.0,-11.016188327701627,218,False,0.0
17,C050,Low consumers without AC,0.0,-58.978145577683534,218,False,0.0
18,C050,Low consumers without AC,1.6939161134839704,47.54004123460301,218,False,0.18463685636975277
19,C050,Low consumers without AC,1.3983302827078816,43.94267580708846,218,False,0.1524180008151591
21,C050,Low consumers without AC,0.4547427220587199,23.827489295675772,218,False,0.04956695670440047
22,C050,Low consumers without AC,0.11607210098074845,6.115849254025473,218,False,0.012651859006901581
24,C050,Low consumers without AC,0.49481754880829454,22.965446887869962,218,False,0.0539351128201041
26,C050,Low consumers without AC,0.2324352728465655,8.799537961963862,218,False,0.02533544474027564
27,C050,Low consumers without AC,1.2742409961476753,44.121249395597495,218,False,0.13889226858009662
28,C050,Low consumers without AC,0.8878615146164158,43.913331154254585,218,False,0.09677690509318933
31,C050,Low consumers without AC,0.2359317150095947,14.889680829655472,218,False,0.025716556936045822
32,C050,Low consumers without AC,0.0,-3.6480690636503557,218,False,0.0
33,C050,Low consumers without AC,2.0108155663065883,41.848263310668464,218,False,0.21917889672741814
