event_id,start_ts,segment,n_accepted,n_comparison,comparison_source,expected_kwh,actual_kwh,savings_kwh,reduction_pct
1,2025-01-06 21:00:00,Low consumers without AC,6,2,non_accepting,21.227970834137956,10.034033333333333,11.193937500804623,52.73201846877889
1,2025-01-06 21:00:00,Medium AC users,13,4,non_accepting,40.3966221097305,47.392883333333344,-6.996261223602843,-17.31892633151034
1,2025-01-06 21:00:00,Large evening-peak households,11,7,non_accepting,50.66913954755948,33.303441666666664,17.365697880892817,34.272730967915656
1,2025-01-06 21:00:00,"Daytime-occupied, high base load",4,3,non_accepting,19.371826024628692,13.874658333333334,5.497167691295358,28.37712709326649
2,2025-01-07 20:00:00,Medium AC users,10,7,non_accepting,25.576085618106575,16.623608333333337,8.952477284773238,35.003312932434575
2,2025-01-07 20:00:00,Low consumers without AC,6,2,non_accepting,18.92797453462495,16.654133333333334,2.273841201291617,12.013124791202982
2,2025-01-07 20:00:00,Large evening-peak households,12,6,non_accepting,62.378412606570976,44.983916472868216,17.39449613370276,27.885442105447893
2,2025-01-07 20:00:00,"Daytime-occupied, high base load",4,3,non_accepting,25.334254074048584,16.974616666666666,8.359637407381918,32.99736942302636
3,2025-01-09 20:00:00,Medium AC users,12,5,non_accepting,36.119669136320326,28.210358333333335,7.90931080298699,21.897517314281654
3,2025-01-09 20:00:00,"Daytime-occupied, high base load",6,1,non_accepting,37.63841009374242,22.746933333333335,14.891476760409088,39.56457438908895
3,2025-01-09 20:00:00,Large evening-peak households,8,10,non_accepting,44.681221439261606,35.204433333333334,9.476788105928271,21.209778516934122
3,2025-01-09 20:00:00,Low consumers without AC,4,4,non_accepting,22.923663374317858,12.546366666666668,10.37729670765119,45.268928173483914
4,2025-01-10 22:00:00,Medium AC users,9,8,non_accepting,27.655721592615908,25.129641666666668,2.52607992594924,9.134022836792314
4,2025-01-10 22:00:00,Large evening-peak households,15,3,non_accepting,47.26667578585629,32.36168333333333,14.904992452522961,31.533828441946437
4,2025-01-10 22:00:00,Low consumers without AC,6,2,non_accepting,21.011131771881807,11.893116666666666,9.118015105215141,43.396115945630996
4,2025-01-10 22:00:00,"Daytime-occupied, high base load",7,0,event_fallback,29.932456242806033,13.286241666666665,16.646214576139368,55.6125913660698
5,2025-01-12 22:00:00,Medium AC users,9,8,non_accepting,43.129033408025975,37.61716666666667,5.511866741359306,12.779944983264084
5,2025-01-12 22:00:00,Low consumers without AC,4,4,non_accepting,7.648131461042496,6.1339500000000005,1.5141814610424955,19.798057456979194
5,2025-01-12 22:00:00,"Daytime-occupied, high base load",5,2,non_accepting,18.217827375038567,21.85265,-3.6348226249614335,-19.95200937045732
5,2025-01-12 22:00:00,Large evening-peak households,12,6,non_accepting,33.55032964115139,28.255733333333335,5.294596307818058,15.781055996910187
6,2025-01-13 21:00:00,Low consumers without AC,7,1,non_accepting,40.9133079297858,17.754475,23.158832929785802,56.60464553374736
6,2025-01-13 21:00:00,"Daytime-occupied, high base load",6,1,non_accepting,23.182286305102366,22.500011111111107,0.6822751939912592,2.9430884642344015
6,2025-01-13 21:00:00,Large evening-peak households,7,11,non_accepting,37.249572212768506,28.9767,8.272872212768505,22.209307976784515
6,2025-01-13 21:00:00,Medium AC users,13,4,non_accepting,41.05202135140575,43.765391666666666,-2.713370315260917,-6.6095900419480875
7,2025-01-14 20:00:00,Medium AC users,10,7,non_accepting,23.17474786881019,38.727525,-15.55277713118981,-67.11087956267073
7,2025-01-14 20:00:00,Low consumers without AC,5,3,non_accepting,18.311575310850365,16.03226666666667,2.279308644183697,12.447365152866517
7,2025-01-14 20:00:00,Large evening-peak households,11,7,non_accepting,52.78041902002695,43.128775,9.65164402002695,18.28641037572047
7,2025-01-14 20:00:00,"Daytime-occupied, high base load",2,5,non_accepting,13.084328352235174,9.396883333333333,3.6874450189018404,28.182149817968458
8,2025-01-16 21:00:00,Medium AC users,9,8,non_accepting,21.681957487819286,27.6408,-5.958842512180713,-27.48295450504565
8,2025-01-16 21:00:00,Large evening-peak households,11,7,non_accepting,31.24149094282507,28.716066666666663,2.5254242761584074,8.083558754542722
8,2025-01-16 21:00:00,Low consumers without AC,5,3,non_accepting,16.418311081768895,11.300466666666667,5.117844415102228,31.17156441739704
8,2025-01-16 21:00:00,"Daytime-occupied, high base load",3,4,non_accepting,12.976121521171988,11.257133333333334,1.7189881878386544,13.247318815825928
9,2025-01-17 21:00:00,Medium AC users,7,10,non_accepting,18.13915944580953,21.405433333333335,-3.2662738875238055,-18.006754377355527
9,2025-01-17 21:00:00,Large evening-peak households,13,5,non_accepting,49.581514003762045,44.658025,4.923489003762043,9.930090080324026
9,2025-01-17 21:00:00,Low consumers without AC,6,2,non_accepting,14.652965330897326,10.206083333333332,4.4468819975639935,30.34800053875288
9,2025-01-17 21:00:00,"Daytime-occupied, high base load",7,0,event_fallback,23.513163956293237,20.27730833333333,3.2358556229599067,13.761889420644465
10,2025-01-20 20:00:00,Low consumers without AC,7,1,non_accepting,72.83286471633922,17.50021666666667,55.33264804967254,75.97208796492568
10,2025-01-20 20:00:00,Medium AC users,10,7,non_accepting,20.012258231042793,28.50251666666667,-8.490258435623875,-42.425289228248516
10,2025-01-20 20:00:00,Large evening-peak households,6,12,non_accepting,23.216641932722,19.405116836734692,3.8115250959873066,16.417211011964945
10,2025-01-20 20:00:00,"Daytime-occupied, high base load",5,2,non_accepting,21.253576203176678,22.339766666666666,-1.086190463489988,-5.110624457297873
11,2025-01-21 18:00:00,Medium AC users,15,2,non_accepting,38.13045625854071,36.13014999999999,2.000306258540718,5.245954165819025
11,2025-01-21 18:00:00,Large evening-peak households,13,5,non_accepting,47.683634531329446,26.401916666666665,21.28171786466278,44.63107326829316
11,2025-01-21 18:00:00,Low consumers without AC,5,3,non_accepting,8.140546081547738,8.886558333333333,-0.7460122517855954,-9.164154889763344
11,2025-01-21 18:00:00,"Daytime-occupied, high base load",3,4,non_accepting,6.686976950123974,7.842283333333333,-1.1553063832093589,-17.276960752615423
12,2025-01-22 21:00:00,Large evening-peak households,10,8,non_accepting,37.90492503195212,31.551274999999997,6.353650031952121,16.762069906737146
12,2025-01-22 21:00:00,Medium AC users,9,8,non_accepting,29.115882414565636,27.583225,1.5326574145656373,5.263990947424982
12,2025-01-22 21:00:00,"Daytime-occupied, high base load",4,3,non_accepting,19.697643906434003,13.272216666666667,6.425427239767336,32.620283269861254
12,2025-01-22 21:00:00,Low consumers without AC,5,3,non_accepting,21.06422913496701,11.703125,9.361104134967011,44.44076293980018
13,2025-01-24 22:00:00,Medium AC users,8,9,non_accepting,16.990980692236217,13.428283333333335,3.5626973589028825,20.96816789704673
13,2025-01-24 22:00:00,Large evening-peak households,10,8,non_accepting,20.49547483778973,21.242258333333332,-0.7467834955436032,-3.6436506177777233
13,2025-01-24 22:00:00,Low consumers without AC,5,3,non_accepting,5.276457388762441,5.707966666666667,-0.431509277904226,-8.178011231991276
13,2025-01-24 22:00:00,"Daytime-occupied, high base load",2,5,non_accepting,2.5905210542795807,2.32375,0.2667710542795807,10.297968968014013
14,2025-01-25 20:00:00,Medium AC users,12,5,non_accepting,69.39982943308917,43.257349999999995,26.14247943308917,37.66937130341806
14,2025-01-25 20:00:00,Low consumers without AC,6,2,non_accepting,11.970998644414435,13.02285,-1.0518513555855655,-8.786663392334026
14,2025-01-25 20:00:00,"Daytime-occupied, high base load",7,0,event_fallback,31.155256972808825,19.73260833333333,11.422648639475494,36.663631596570575
14,2025-01-25 20:00:00,Large evening-peak households,14,4,non_accepting,63.59794212237007,49.38953333333334,14.208408789036731,22.340988269239983
15,2025-02-17 22:00:00,Low consumers without AC,7,1,non_accepting,9.495703239325952,8.541825000000001,0.9538782393259506,10.045366996890914
15,2025-02-17 22:00:00,"Daytime-occupied, high base load",4,3,non_accepting,11.174096103796519,8.621616666666666,2.5524794371298523,22.84282695816998
15,2025-02-17 22:00:00,Large evening-peak households,14,4,non_accepting,40.67571082636729,35.859525,4.816185826367295,11.840446616719701
15,2025-02-17 22:00:00,Medium AC users,6,11,non_accepting,16.975349132785134,14.8335,2.141849132785133,12.617408431668121
16,2025-02-19 19:00:00,Medium AC users,12,5,non_accepting,34.74852348722993,41.61729166666667,-6.868768179436735,-19.767079260104403
16,2025-02-19 19:00:00,Large evening-peak households,13,5,non_accepting,41.133093873657906,45.087624999999996,-3.95453112634209,-9.613989014511295
16,2025-02-19 19:00:00,"Daytime-occupied, high base load",6,1,non_accepting,4.5521672362492565,20.360766666666663,-15.808599430417406,-347.2763325681956
16,2025-02-19 19:00:00,Low consumers without AC,6,2,non_accepting,13.849541733452567,15.375233333333334,-1.5256915998807674,-11.016188327701627
17,2025-02-20 20:00:00,Large evening-peak households,13,5,non_accepting,46.767369486620794,43.29075833333333,3.4766111532874646,7.433839430036905
17,2025-02-20 20:00:00,Low consumers without AC,7,1,non_accepting,13.40467265017051,21.3105,-7.905827349829492,-58.978145577683534
17,2025-02-20 20:00:00,Medium AC users,12,5,non_accepting,31.35380520358996,38.583200000000005,-7.229394796410045,-23.05747181073349
17,2025-02-20 20:00:00,"Daytime-occupied, high base load",6,1,non_accepting,27.871368492098455,23.98606666666667,3.8853018254317853,13.940118607858347
18,2025-02-21 21:00:00,Medium AC users,11,6,non_accepting,35.95246068433957,25.699066666666667,10.253394017672903,28.519310841327616
18,2025-02-21 21:00:00,Low consumers without AC,6,2,non_accepting,21.37881334757049,11.215316666666666,10.163496680903823,47.54004123460301
18,2025-02-21 21:00:00,Large evening-peak households,10,8,non_accepting,38.68511871128945,39.19958333333334,-0.5144646220438887,-1.329877325395806
18,2025-02-21 21:00:00,"Daytime-occupied, high base load",5,2,non_accepting,19.44868576353757,18.29865,1.15003576353757,5.91317982880704
19,2025-03-20 21:00:00,Medium AC users,9,8,non_accepting,17.5297931814407,22.819499999999998,-5.289706818559299,-30.175523258081935
19,2025-03-20 21:00:00,"Daytime-occupied, high base load",5,2,non_accepting,20.2098810968281,19.2802,0.929681096828098,4.600131452401318
19,2025-03-20 21:00:00,Large evening-peak households,9,9,non_accepting,49.833422516592385,26.117833333333333,23.715589183259052,47.58972590205455
19,2025-03-20 21:00:00,Low consumers without AC,3,5,non_accepting,9.546507514790312,5.351516666666667,4.194990848123645,43.94267580708846
20,2025-03-21 21:00:00,Low consumers without AC,3,5,non_accepting,7.409550776595274,5.2545,2.1550507765952736,29.08476966515277
20,2025-03-21 21:00:00,Medium AC users,11,6,non_accepting,19.378527529956866,21.32428024219248,-1.9457527122356133,-10.040766560966588
20,2025-03-21 21:00:00,Large evening-peak households,8,10,non_accepting,28.519444965126866,23.479141666666663,5.040303298460202,17.673216658400634
20,2025-03-21 21:00:00,"Daytime-occupied, high base load",6,1,non_accepting,22.5040217467349,14.402375,8.1016467467349,36.00088392160555
21,2025-03-24 22:00:00,Medium AC users,9,8,non_accepting,25.830913425169136,25.487066666666667,0.34384675850246893,1.3311444037725408
21,2025-03-24 22:00:00,Large evening-peak households,12,6,non_accepting,60.27966962961221,42.81175833333333,17.467911296278878,28.978113854323148
21,2025-03-24 22:00:00,Low consumers without AC,5,3,non_accepting,9.542396943626933,7.268683333333334,2.2737136102935995,23.827489295675772
21,2025-03-24 22:00:00,"Daytime-occupied, high base load",3,4,non_accepting,7.348428421947071,2.50565,4.842778421947071,65.90223302010347
22,2025-03-25 20:00:00,Low consumers without AC,6,2,non_accepting,11.387340939217825,10.690908333333335,0.6964326058844907,6.115849254025473
22,2025-03-25 20:00:00,Medium AC users,8,9,non_accepting,13.575015129465955,11.377216666666666,2.1977984627992893,16.1900258809196
22,2025-03-25 20:00:00,"Daytime-occupied, high base load",5,2,non_accepting,30.514424069939306,13.827783333333333,16.686640736605973,54.684436115720416
22,2025-03-25 20:00:00,Large evening-peak households,14,4,non_accepting,45.53248406264768,23.821724999999997,21.710759062647686,47.68191217675731
23,2025-06-17 19:00:00,Medium AC users,7,10,non_accepting,16.63814088701734,14.609025,2.0291158870173387,12.195568608273103
23,2025-06-17 19:00:00,"Daytime-occupied, high base load",3,4,non_accepting,7.004031198863813,4.968391666666667,2.0356395321971457,29.063827307442107
23,2025-06-17 19:00:00,Low consumers without AC,3,5,non_accepting,4.522032143059455,5.610533333333333,-1.0885011902738775,-24.07106265143516
23,2025-06-17 19:00:00,Large evening-peak households,11,7,non_accepting,42.323409572278194,23.725324999999994,18.5980845722782,43.94278428943006
24,2025-06-23 19:00:00,Large evening-peak households,10,8,non_accepting,43.9929309130896,30.023100000000003,13.969830913089599,31.754717458329274
24,2025-06-23 19:00:00,Medium AC users,9,8,non_accepting,24.623098702131365,21.064033333333334,3.5590653687980307,14.454173342894327
24,2025-06-23 19:00:00,Low consumers without AC,5,3,non_accepting,10.773087744041472,8.299,2.474087744041473,22.965446887869962
24,2025-06-23 19:00:00,"Daytime-occupied, high base load",4,3,non_accepting,12.187327280956373,11.975000000000001,0.2123272809563712,1.7421972517973547
25,2025-06-30 19:00:00,Large evening-peak households,6,12,non_accepting,23.140580653029428,21.812266666666666,1.3283139863627618,5.740192980805201
25,2025-06-30 19:00:00,Medium AC users,4,13,non_accepting,15.316286902513653,9.399799814814815,5.9164870876988385,38.6287298309086
25,2025-06-30 19:00:00,"Daytime-occupied, high base load",2,5,non_accepting,7.773564829021871,7.403108333333334,0.3704564956885372,4.765593441833441
25,2025-06-30 19:00:00,Low consumers without AC,1,7,non_accepting,4.359823184865752,3.7548999999999997,0.6049231848657519,13.874947657639442
26,2025-07-01 19:00:00,Medium AC users,8,9,non_accepting,33.09340605764329,27.375025,5.718381057643292,17.279518003323105
26,2025-07-01 19:00:00,Large evening-peak households,10,8,non_accepting,58.13394717912322,37.528,20.60594717912322,35.4456357756542
26,2025-07-01 19:00:00,Low consumers without AC,5,3,non_accepting,13.207243030899495,12.045066666666667,1.1621763642328276,8.799537961963862
26,2025-07-01 19:00:00,"Daytime-occupied, high base load",5,2,non_accepting,18.98434345644058,14.975983333333334,4.008360123107247,21.114030792291533
27,2025-07-02 20:00:00,Low consumers without AC,6,2,non_accepting,17.32826264355272,9.682816666666668,7.645445976886052,44.121249395597495
27,2025-07-02 20:00:00,Medium AC users,9,8,non_accepting,26.66206537046223,18.023597377326567,8.638467993135663,32.39984552249225
27,2025-07-02 20:00:00,Large evening-peak households,7,11,non_accepting,31.44437472783129,25.425108333333334,6.019266394497954,19.142585745775143
27,2025-07-02 20:00:00,"Daytime-occupied, high base load",4,3,non_accepting,18.695026324213845,12.235833333333334,6.459192990880512,34.55032840747889
28,2025-07-03 21:00:00,Medium AC users,8,9,non_accepting,21.139551177640865,14.643308333333334,6.496242844307531,30.730277997474964
28,2025-07-03 21:00:00,Low consumers without AC,7,1,non_accepting,14.152947268981578,7.937916666666667,6.2150306023149104,43.913331154254585
28,2025-07-03 21:00:00,"Daytime-occupied, high base load",5,2,non_accepting,28.861299593130255,13.53945,15.321849593130255,53.087871333338214
28,2025-07-03 21:00:00,Large evening-peak households,7,11,non_accepting,26.45227147080255,21.025249999999996,5.427021470802554,20.516277692041623
29,2025-07-07 20:00:00,Large evening-peak households,7,11,non_accepting,41.01570534221364,26.284941666666665,14.730763675546978,35.914934419976866
29,2025-07-07 20:00:00,Low consumers without AC,3,5,non_accepting,11.96630440927965,6.230733333333333,5.735571075946316,47.93101428623599
29,2025-07-07 20:00:00,Medium AC users,4,13,non_accepting,10.943035885289621,10.680866666666667,0.2621692186229545,2.395763126166664
29,2025-07-07 20:00:00,"Daytime-occupied, high base load",2,5,non_accepting,9.520150088695502,6.241916666666667,3.278233422028835,34.43468213722285
30,2025-07-08 20:00:00,Large evening-peak households,11,7,non_accepting,53.02963891190471,25.02755833333334,28.002080578571373,52.804584668377096
30,2025-07-08 20:00:00,Medium AC users,4,13,non_accepting,13.337933380471364,12.336566666666666,1.001366713804698,7.507660184229453
30,2025-07-08 20:00:00,Low consumers without AC,2,6,non_accepting,6.477850912015179,3.8562416666666666,2.6216092453485125,40.47035476667002
30,2025-07-08 20:00:00,"Daytime-occupied, high base load",4,3,non_accepting,24.15886294081936,11.166483333333336,12.992379607486026,53.77893669628717
31,2025-07-21 20:00:00,Medium AC users,8,9,non_accepting,21.829772971822674,17.231141666666666,4.598631305156008,21.065868669783267
31,2025-07-21 20:00:00,Low consumers without AC,5,3,non_accepting,7.922658575047974,6.743,1.1796585750479736,14.889680829655472
31,2025-07-21 20:00:00,"Daytime-occupied, high base load",5,2,non_accepting,13.355162860923008,10.95325,2.401912860923007,17.984901314464427
31,2025-07-21 20:00:00,Large evening-peak households,8,10,non_accepting,37.11255836319031,18.07411666666667,19.03844169652364,51.29918964413597
32,2025-08-09 19:00:00,Medium AC users,7,10,non_accepting,27.43612055101246,25.332416666666667,2.1037038843457943,7.667643391617049
32,2025-08-09 19:00:00,Large evening-peak households,1,17,non_accepting,6.015028999847045,5.9225666666666665,0.09246233318037866,1.5371884854209326
32,2025-08-09 19:00:00,"Daytime-occupied, high base load",4,3,non_accepting,17.691137941225673,8.9053,8.785837941225672,49.66236751086558
32,2025-08-09 19:00:00,Low consumers without AC,2,6,non_accepting,4.358868789498527,4.517883333333334,-0.1590145438348065,-3.6480690636503557
33,2025-08-10 18:00:00,Low consumers without AC,3,5,non_accepting,14.415046698919765,8.3826,6.032446698919765,41.848263310668464
33,2025-08-10 18:00:00,Medium AC users,6,11,non_accepting,10.015942078405846,10.939625,-0.9236829215941533,-9.222127228407137
33,2025-08-10 18:00:00,Large evening-peak households,4,14,non_accepting,21.998443540517016,14.965516666666666,7.03292687385035,31.970111253084863
34,2025-08-11 20:00:00,Large evening-peak households,6,12,non_accepting,32.182167518449155,20.011766666666663,12.170400851782492,37.8172192559918
34,2025-08-11 20:00:00,Medium AC users,9,8,non_accepting,22.47188081064761,22.489166666666666,-0.017285856019057633,-0.07692215958562428
34,2025-08-11 20:00:00,"Daytime-occupied, high base load",4,3,non_accepting,18.66551666370759,8.076925,10.58859166370759,56.72809306315952
35,2025-08-12 18:00:00,Medium AC users,5,12,non_accepting,13.150804651102517,18.216283333333333,-5.065478682230816,-38.518393487094684
35,2025-08-12 18:00:00,Low consumers without AC,1,7,non_accepting,0.76550416166143,0.74995,0.015554161661429977,2.0318846637844055
35,2025-08-12 18:00:00,Large evening-peak households,5,13,non_accepting,15.084249245332472,8.481816666666667,6.602432578665805,43.77037578259852
35,2025-08-12 18:00:00,"Daytime-occupied, high base load",1,6,non_accepting,5.224559409647451,3.7996333333333334,1.4249260763141178,27.273612272125938
36,2025-08-13 19:00:00,Large evening-peak households,4,14,non_accepting,15.584854069268586,9.284533333333332,6.300320735935253,40.42592062737828
36,2025-08-13 19:00:00,"Daytime-occupied, high base load",4,3,non_accepting,20.431829568369256,6.733708333333334,13.698121235035922,67.04304765855201
36,2025-08-13 19:00:00,Medium AC users,4,13,non_accepting,12.487622459727168,6.638325,5.849297459727168,46.84076155081777
36,2025-08-13 19:00:00,Low consumers without AC,1,7,non_accepting,5.340024924212881,4.256083333333333,1.0839415908795482,20.298436922358018
