column,alpha,validation_days,mae_kw,rmse_kw,wape_pct,daily_energy_error_kwh,daily_energy_error_pct,peak_magnitude_error_kw,peak_timing_error_minutes
households_consumption_kw,0.1,27,14.485056488418286,22.39851526885326,53.66885371769633,397.28607046604156,2.271592670303648,89.90280151367188,5760.0
households_consumption_kw,1.0,27,12.631669466878162,19.26042197358914,46.80183479920984,69.96991634368896,0.4000722927980661,58.77742004394531,5760.0
households_consumption_kw,10.0,27,10.518371634277297,15.851395555993513,38.97181547339875,-1471.6985902786255,-8.41484255073799,11.758544921875,-840.0
households_consumption_kw,100.0,27,9.914520030036385,15.41342409342625,36.73447360033709,-3194.0453560352325,-18.26283516780692,-5.299102783203125,-5730.0
steg_production_kw,0.1,30,2.6641421529981826,4.230421585609916,2.6477872612596114,1294.26318359375,1.7865525506234226,1.9603271484375,-7410.0
steg_production_kw,1.0,30,2.1480778376261394,3.550822738952542,2.134891011074537,444.2028350830078,0.6131610000743092,0.72705078125,1230.0
steg_production_kw,10.0,30,2.319320715798272,3.874014526337661,2.3050826470183394,898.5854606628418,1.240373802678007,1.3129425048828125,1260.0
steg_production_kw,100.0,30,2.7360786067114935,4.526516699940386,2.7192821045614006,1434.6430625915527,1.980327691613953,0.7299575805664062,1260.0
pv_production_kw,0.1,30,4.806616142481956,8.704849172247627,49.00978579950955,-1986.0191402038763,-28.12511435911309,37.231502532958984,-1500.0
pv_production_kw,1.0,30,3.6554073145968333,6.047065276852124,37.27169471990424,-2260.6088202702485,-32.01373053473876,4.677173614501953,-1410.0
pv_production_kw,10.0,30,3.1044729361292007,5.053342751135646,31.654192702291034,-1874.4537591622793,-26.54517535611293,-4.192024230957031,5790.0
pv_production_kw,100.0,30,2.247079788345996,3.684880584021035,22.91193967579406,-1078.7512316189313,-15.276792222255201,-3.6694183349609375,11550.0
