name,parameters,max_absolute_change,changed,adapted_input_or_head
backbone.encoder.mlp_mixer_encoder.mixers.0.mixer_layers.0.feature_mixer.gating_block.attn_layer.bias,16,0.07808078825473785,True,False
backbone.encoder.mlp_mixer_encoder.mixers.0.mixer_layers.0.feature_mixer.gating_block.attn_layer.weight,256,0.12116775661706924,True,False
backbone.encoder.mlp_mixer_encoder.mixers.0.mixer_layers.0.feature_mixer.mlp.fc1.bias,48,0.10637955367565155,True,False
backbone.encoder.mlp_mixer_encoder.mixers.0.mixer_layers.0.feature_mixer.mlp.fc1.weight,768,0.15893620252609253,True,False
backbone.encoder.mlp_mixer_encoder.mixers.0.mixer_layers.0.feature_mixer.mlp.fc2.bias,16,0.056053049862384796,True,False
backbone.encoder.mlp_mixer_encoder.mixers.0.mixer_layers.0.feature_mixer.mlp.fc2.weight,768,0.17925763130187988,True,False
backbone.encoder.mlp_mixer_encoder.mixers.0.mixer_layers.0.feature_mixer.norm.norm.bias,16,0.07448876649141312,True,False
backbone.encoder.mlp_mixer_encoder.mixers.0.mixer_layers.0.feature_mixer.norm.norm.weight,16,0.07564306259155273,True,False
backbone.encoder.mlp_mixer_encoder.mixers.0.mixer_layers.0.patch_mixer.gating_block.attn_layer.bias,7,0.07121996581554413,True,False
backbone.encoder.mlp_mixer_encoder.mixers.0.mixer_layers.0.patch_mixer.gating_block.attn_layer.weight,49,0.11194884777069092,True,False
backbone.encoder.mlp_mixer_encoder.mixers.0.mixer_layers.0.patch_mixer.mlp.fc1.bias,21,0.08460795879364014,True,False
backbone.encoder.mlp_mixer_encoder.mixers.0.mixer_layers.0.patch_mixer.mlp.fc1.weight,147,0.1532733142375946,True,False
backbone.encoder.mlp_mixer_encoder.mixers.0.mixer_layers.0.patch_mixer.mlp.fc2.bias,7,0.08119901269674301,True,False
backbone.encoder.mlp_mixer_encoder.mixers.0.mixer_layers.0.patch_mixer.mlp.fc2.weight,147,0.17162096500396729,True,False
backbone.encoder.mlp_mixer_encoder.mixers.0.mixer_layers.0.patch_mixer.norm.norm.bias,16,0.08606725931167603,True,False
backbone.encoder.mlp_mixer_encoder.mixers.0.mixer_layers.0.patch_mixer.norm.norm.weight,16,0.11372148990631104,True,False
backbone.encoder.mlp_mixer_encoder.mixers.0.mixer_layers.1.feature_mixer.gating_block.attn_layer.bias,16,0.10081983357667923,True,False
backbone.encoder.mlp_mixer_encoder.mixers.0.mixer_layers.1.feature_mixer.gating_block.attn_layer.weight,256,0.12477177381515503,True,False
backbone.encoder.mlp_mixer_encoder.mixers.0.mixer_layers.1.feature_mixer.mlp.fc1.bias,48,0.11111629009246826,True,False
backbone.encoder.mlp_mixer_encoder.mixers.0.mixer_layers.1.feature_mixer.mlp.fc1.weight,768,0.15051527321338654,True,False
backbone.encoder.mlp_mixer_encoder.mixers.0.mixer_layers.1.feature_mixer.mlp.fc2.bias,16,0.07432142645120621,True,False
backbone.encoder.mlp_mixer_encoder.mixers.0.mixer_layers.1.feature_mixer.mlp.fc2.weight,768,0.15400338172912598,True,False
backbone.encoder.mlp_mixer_encoder.mixers.0.mixer_layers.1.feature_mixer.norm.norm.bias,16,0.08588692545890808,True,False
backbone.encoder.mlp_mixer_encoder.mixers.0.mixer_layers.1.feature_mixer.norm.norm.weight,16,0.12189418077468872,True,False
backbone.encoder.mlp_mixer_encoder.mixers.0.mixer_layers.1.patch_mixer.gating_block.attn_layer.bias,7,0.07683271169662476,True,False
backbone.encoder.mlp_mixer_encoder.mixers.0.mixer_layers.1.patch_mixer.gating_block.attn_layer.weight,49,0.11859101057052612,True,False
backbone.encoder.mlp_mixer_encoder.mixers.0.mixer_layers.1.patch_mixer.mlp.fc1.bias,21,0.08541887998580933,True,False
backbone.encoder.mlp_mixer_encoder.mixers.0.mixer_layers.1.patch_mixer.mlp.fc1.weight,147,0.16340632736682892,True,False
backbone.encoder.mlp_mixer_encoder.mixers.0.mixer_layers.1.patch_mixer.mlp.fc2.bias,7,0.05026078224182129,True,False
backbone.encoder.mlp_mixer_encoder.mixers.0.mixer_layers.1.patch_mixer.mlp.fc2.weight,147,0.17799946665763855,True,False
backbone.encoder.mlp_mixer_encoder.mixers.0.mixer_layers.1.patch_mixer.norm.norm.bias,16,0.09851054847240448,True,False
backbone.encoder.mlp_mixer_encoder.mixers.0.mixer_layers.1.patch_mixer.norm.norm.weight,16,0.08419841527938843,True,False
backbone.encoder.mlp_mixer_encoder.mixers.0.mixer_layers.2.feature_mixer.gating_block.attn_layer.bias,16,0.06746108829975128,True,False
backbone.encoder.mlp_mixer_encoder.mixers.0.mixer_layers.2.feature_mixer.gating_block.attn_layer.weight,256,0.10700840502977371,True,False
backbone.encoder.mlp_mixer_encoder.mixers.0.mixer_layers.2.feature_mixer.mlp.fc1.bias,48,0.12427330017089844,True,False
backbone.encoder.mlp_mixer_encoder.mixers.0.mixer_layers.2.feature_mixer.mlp.fc1.weight,768,0.14154456555843353,True,False
backbone.encoder.mlp_mixer_encoder.mixers.0.mixer_layers.2.feature_mixer.mlp.fc2.bias,16,0.07067245244979858,True,False
backbone.encoder.mlp_mixer_encoder.mixers.0.mixer_layers.2.feature_mixer.mlp.fc2.weight,768,0.12671196460723877,True,False
backbone.encoder.mlp_mixer_encoder.mixers.0.mixer_layers.2.feature_mixer.norm.norm.bias,16,0.06660456210374832,True,False
backbone.encoder.mlp_mixer_encoder.mixers.0.mixer_layers.2.feature_mixer.norm.norm.weight,16,0.07286232709884644,True,False
backbone.encoder.mlp_mixer_encoder.mixers.0.mixer_layers.2.patch_mixer.gating_block.attn_layer.bias,7,0.058575987815856934,True,False
backbone.encoder.mlp_mixer_encoder.mixers.0.mixer_layers.2.patch_mixer.gating_block.attn_layer.weight,49,0.12191009521484375,True,False
backbone.encoder.mlp_mixer_encoder.mixers.0.mixer_layers.2.patch_mixer.mlp.fc1.bias,21,0.07413478195667267,True,False
backbone.encoder.mlp_mixer_encoder.mixers.0.mixer_layers.2.patch_mixer.mlp.fc1.weight,147,0.09206337481737137,True,False
backbone.encoder.mlp_mixer_encoder.mixers.0.mixer_layers.2.patch_mixer.mlp.fc2.bias,7,0.06576961278915405,True,False
backbone.encoder.mlp_mixer_encoder.mixers.0.mixer_layers.2.patch_mixer.mlp.fc2.weight,147,0.1456332802772522,True,False
backbone.encoder.mlp_mixer_encoder.mixers.0.mixer_layers.2.patch_mixer.norm.norm.bias,16,0.08538505434989929,True,False
backbone.encoder.mlp_mixer_encoder.mixers.0.mixer_layers.2.patch_mixer.norm.norm.weight,16,0.1395026445388794,True,False
backbone.encoder.mlp_mixer_encoder.mixers.1.mixer_layers.0.feature_mixer.gating_block.attn_layer.bias,8,0.07713156938552856,True,False
backbone.encoder.mlp_mixer_encoder.mixers.1.mixer_layers.0.feature_mixer.gating_block.attn_layer.weight,64,0.11664031445980072,True,False
backbone.encoder.mlp_mixer_encoder.mixers.1.mixer_layers.0.feature_mixer.mlp.fc1.bias,24,0.10337889194488525,True,False
backbone.encoder.mlp_mixer_encoder.mixers.1.mixer_layers.0.feature_mixer.mlp.fc1.weight,192,0.1363094449043274,True,False
backbone.encoder.mlp_mixer_encoder.mixers.1.mixer_layers.0.feature_mixer.mlp.fc2.bias,8,0.042276836931705475,True,False
backbone.encoder.mlp_mixer_encoder.mixers.1.mixer_layers.0.feature_mixer.mlp.fc2.weight,192,0.13804277777671814,True,False
backbone.encoder.mlp_mixer_encoder.mixers.1.mixer_layers.0.feature_mixer.norm.norm.bias,8,0.05005718767642975,True,False
backbone.encoder.mlp_mixer_encoder.mixers.1.mixer_layers.0.feature_mixer.norm.norm.weight,8,0.06482434272766113,True,False
backbone.encoder.mlp_mixer_encoder.mixers.1.mixer_layers.0.patch_mixer.gating_block.attn_layer.bias,14,0.1676705926656723,True,False
backbone.encoder.mlp_mixer_encoder.mixers.1.mixer_layers.0.patch_mixer.gating_block.attn_layer.weight,196,0.1406528651714325,True,False
backbone.encoder.mlp_mixer_encoder.mixers.1.mixer_layers.0.patch_mixer.mlp.fc1.bias,42,0.10093182325363159,True,False
backbone.encoder.mlp_mixer_encoder.mixers.1.mixer_layers.0.patch_mixer.mlp.fc1.weight,588,0.1876979023218155,True,False
backbone.encoder.mlp_mixer_encoder.mixers.1.mixer_layers.0.patch_mixer.mlp.fc2.bias,14,0.13165855407714844,True,False
backbone.encoder.mlp_mixer_encoder.mixers.1.mixer_layers.0.patch_mixer.mlp.fc2.weight,588,0.19415158033370972,True,False
backbone.encoder.mlp_mixer_encoder.mixers.1.mixer_layers.0.patch_mixer.norm.norm.bias,8,0.08671653270721436,True,False
backbone.encoder.mlp_mixer_encoder.mixers.1.mixer_layers.0.patch_mixer.norm.norm.weight,8,0.07425045967102051,True,False
backbone.encoder.mlp_mixer_encoder.mixers.1.mixer_layers.1.feature_mixer.gating_block.attn_layer.bias,8,0.09873224049806595,True,False
backbone.encoder.mlp_mixer_encoder.mixers.1.mixer_layers.1.feature_mixer.gating_block.attn_layer.weight,64,0.09305770695209503,True,False
backbone.encoder.mlp_mixer_encoder.mixers.1.mixer_layers.1.feature_mixer.mlp.fc1.bias,24,0.10272552073001862,True,False
backbone.encoder.mlp_mixer_encoder.mixers.1.mixer_layers.1.feature_mixer.mlp.fc1.weight,192,0.1432025134563446,True,False
backbone.encoder.mlp_mixer_encoder.mixers.1.mixer_layers.1.feature_mixer.mlp.fc2.bias,8,0.05531606823205948,True,False
backbone.encoder.mlp_mixer_encoder.mixers.1.mixer_layers.1.feature_mixer.mlp.fc2.weight,192,0.11111847311258316,True,False
backbone.encoder.mlp_mixer_encoder.mixers.1.mixer_layers.1.feature_mixer.norm.norm.bias,8,0.04772171378135681,True,False
backbone.encoder.mlp_mixer_encoder.mixers.1.mixer_layers.1.feature_mixer.norm.norm.weight,8,0.09516525268554688,True,False
backbone.encoder.mlp_mixer_encoder.mixers.1.mixer_layers.1.patch_mixer.gating_block.attn_layer.bias,14,0.13698554039001465,True,False
backbone.encoder.mlp_mixer_encoder.mixers.1.mixer_layers.1.patch_mixer.gating_block.attn_layer.weight,196,0.16348248720169067,True,False
backbone.encoder.mlp_mixer_encoder.mixers.1.mixer_layers.1.patch_mixer.mlp.fc1.bias,42,0.15445584058761597,True,False
backbone.encoder.mlp_mixer_encoder.mixers.1.mixer_layers.1.patch_mixer.mlp.fc1.weight,588,0.20940899848937988,True,False
backbone.encoder.mlp_mixer_encoder.mixers.1.mixer_layers.1.patch_mixer.mlp.fc2.bias,14,0.2044549137353897,True,False
backbone.encoder.mlp_mixer_encoder.mixers.1.mixer_layers.1.patch_mixer.mlp.fc2.weight,588,0.1826995313167572,True,False
backbone.encoder.mlp_mixer_encoder.mixers.1.mixer_layers.1.patch_mixer.norm.norm.bias,8,0.08454728126525879,True,False
backbone.encoder.mlp_mixer_encoder.mixers.1.mixer_layers.1.patch_mixer.norm.norm.weight,8,0.07920241355895996,True,False
backbone.encoder.mlp_mixer_encoder.mixers.1.mixer_layers.2.feature_mixer.gating_block.attn_layer.bias,8,0.11445605754852295,True,False
backbone.encoder.mlp_mixer_encoder.mixers.1.mixer_layers.2.feature_mixer.gating_block.attn_layer.weight,64,0.11374276876449585,True,False
backbone.encoder.mlp_mixer_encoder.mixers.1.mixer_layers.2.feature_mixer.mlp.fc1.bias,24,0.053077176213264465,True,False
backbone.encoder.mlp_mixer_encoder.mixers.1.mixer_layers.2.feature_mixer.mlp.fc1.weight,192,0.10311317443847656,True,False
backbone.encoder.mlp_mixer_encoder.mixers.1.mixer_layers.2.feature_mixer.mlp.fc2.bias,8,0.09394021332263947,True,False
backbone.encoder.mlp_mixer_encoder.mixers.1.mixer_layers.2.feature_mixer.mlp.fc2.weight,192,0.15023690462112427,True,False
backbone.encoder.mlp_mixer_encoder.mixers.1.mixer_layers.2.feature_mixer.norm.norm.bias,8,0.04135814309120178,True,False
backbone.encoder.mlp_mixer_encoder.mixers.1.mixer_layers.2.feature_mixer.norm.norm.weight,8,0.07817298173904419,True,False
backbone.encoder.mlp_mixer_encoder.mixers.1.mixer_layers.2.patch_mixer.gating_block.attn_layer.bias,14,0.15599066019058228,True,False
backbone.encoder.mlp_mixer_encoder.mixers.1.mixer_layers.2.patch_mixer.gating_block.attn_layer.weight,196,0.12300676107406616,True,False
backbone.encoder.mlp_mixer_encoder.mixers.1.mixer_layers.2.patch_mixer.mlp.fc1.bias,42,0.1388125866651535,True,False
backbone.encoder.mlp_mixer_encoder.mixers.1.mixer_layers.2.patch_mixer.mlp.fc1.weight,588,0.21528729796409607,True,False
backbone.encoder.mlp_mixer_encoder.mixers.1.mixer_layers.2.patch_mixer.mlp.fc2.bias,14,0.14419588446617126,True,False
backbone.encoder.mlp_mixer_encoder.mixers.1.mixer_layers.2.patch_mixer.mlp.fc2.weight,588,0.24017509818077087,True,False
backbone.encoder.mlp_mixer_encoder.mixers.1.mixer_layers.2.patch_mixer.norm.norm.bias,8,0.12060070037841797,True,False
backbone.encoder.mlp_mixer_encoder.mixers.1.mixer_layers.2.patch_mixer.norm.norm.weight,8,0.07600021362304688,True,False
backbone.encoder.mlp_mixer_encoder.mixers.2.mixer_layers.0.feature_mixer.gating_block.attn_layer.bias,16,0.10767900943756104,True,False
backbone.encoder.mlp_mixer_encoder.mixers.2.mixer_layers.0.feature_mixer.gating_block.attn_layer.weight,256,0.12938857078552246,True,False
backbone.encoder.mlp_mixer_encoder.mixers.2.mixer_layers.0.feature_mixer.mlp.fc1.bias,48,0.08030831813812256,True,False
backbone.encoder.mlp_mixer_encoder.mixers.2.mixer_layers.0.feature_mixer.mlp.fc1.weight,768,0.16274088621139526,True,False
backbone.encoder.mlp_mixer_encoder.mixers.2.mixer_layers.0.feature_mixer.mlp.fc2.bias,16,0.08459726721048355,True,False
backbone.encoder.mlp_mixer_encoder.mixers.2.mixer_layers.0.feature_mixer.mlp.fc2.weight,768,0.19944915175437927,True,False
backbone.encoder.mlp_mixer_encoder.mixers.2.mixer_layers.0.feature_mixer.norm.norm.bias,16,0.045656800270080566,True,False
backbone.encoder.mlp_mixer_encoder.mixers.2.mixer_layers.0.feature_mixer.norm.norm.weight,16,0.11817800998687744,True,False
backbone.encoder.mlp_mixer_encoder.mixers.2.mixer_layers.0.patch_mixer.gating_block.attn_layer.bias,7,0.05002461373806,True,False
backbone.encoder.mlp_mixer_encoder.mixers.2.mixer_layers.0.patch_mixer.gating_block.attn_layer.weight,49,0.15885421633720398,True,False
backbone.encoder.mlp_mixer_encoder.mixers.2.mixer_layers.0.patch_mixer.mlp.fc1.bias,21,0.0729973167181015,True,False
backbone.encoder.mlp_mixer_encoder.mixers.2.mixer_layers.0.patch_mixer.mlp.fc1.weight,147,0.19378779828548431,True,False
backbone.encoder.mlp_mixer_encoder.mixers.2.mixer_layers.0.patch_mixer.mlp.fc2.bias,7,0.03789374232292175,True,False
backbone.encoder.mlp_mixer_encoder.mixers.2.mixer_layers.0.patch_mixer.mlp.fc2.weight,147,0.11649976670742035,True,False
backbone.encoder.mlp_mixer_encoder.mixers.2.mixer_layers.0.patch_mixer.norm.norm.bias,16,0.13858750462532043,True,False
backbone.encoder.mlp_mixer_encoder.mixers.2.mixer_layers.0.patch_mixer.norm.norm.weight,16,0.1008838415145874,True,False
backbone.encoder.mlp_mixer_encoder.mixers.2.mixer_layers.1.feature_mixer.gating_block.attn_layer.bias,16,0.08883893489837646,True,False
backbone.encoder.mlp_mixer_encoder.mixers.2.mixer_layers.1.feature_mixer.gating_block.attn_layer.weight,256,0.15878233313560486,True,False
backbone.encoder.mlp_mixer_encoder.mixers.2.mixer_layers.1.feature_mixer.mlp.fc1.bias,48,0.1279873549938202,True,False
backbone.encoder.mlp_mixer_encoder.mixers.2.mixer_layers.1.feature_mixer.mlp.fc1.weight,768,0.20513707399368286,True,False
backbone.encoder.mlp_mixer_encoder.mixers.2.mixer_layers.1.feature_mixer.mlp.fc2.bias,16,0.05709896609187126,True,False
backbone.encoder.mlp_mixer_encoder.mixers.2.mixer_layers.1.feature_mixer.mlp.fc2.weight,768,0.203868567943573,True,False
backbone.encoder.mlp_mixer_encoder.mixers.2.mixer_layers.1.feature_mixer.norm.norm.bias,16,0.11530688405036926,True,False
backbone.encoder.mlp_mixer_encoder.mixers.2.mixer_layers.1.feature_mixer.norm.norm.weight,16,0.1537802815437317,True,False
backbone.encoder.mlp_mixer_encoder.mixers.2.mixer_layers.1.patch_mixer.gating_block.attn_layer.bias,7,0.09976464509963989,True,False
backbone.encoder.mlp_mixer_encoder.mixers.2.mixer_layers.1.patch_mixer.gating_block.attn_layer.weight,49,0.1352034956216812,True,False
backbone.encoder.mlp_mixer_encoder.mixers.2.mixer_layers.1.patch_mixer.mlp.fc1.bias,21,0.0954037755727768,True,False
backbone.encoder.mlp_mixer_encoder.mixers.2.mixer_layers.1.patch_mixer.mlp.fc1.weight,147,0.1937081515789032,True,False
backbone.encoder.mlp_mixer_encoder.mixers.2.mixer_layers.1.patch_mixer.mlp.fc2.bias,7,0.12100521475076675,True,False
backbone.encoder.mlp_mixer_encoder.mixers.2.mixer_layers.1.patch_mixer.mlp.fc2.weight,147,0.15198779106140137,True,False
backbone.encoder.mlp_mixer_encoder.mixers.2.mixer_layers.1.patch_mixer.norm.norm.bias,16,0.1353662610054016,True,False
backbone.encoder.mlp_mixer_encoder.mixers.2.mixer_layers.1.patch_mixer.norm.norm.weight,16,0.14361470937728882,True,False
backbone.encoder.mlp_mixer_encoder.mixers.2.mixer_layers.2.feature_mixer.gating_block.attn_layer.bias,16,0.12000561505556107,True,False
backbone.encoder.mlp_mixer_encoder.mixers.2.mixer_layers.2.feature_mixer.gating_block.attn_layer.weight,256,0.14963024854660034,True,False
backbone.encoder.mlp_mixer_encoder.mixers.2.mixer_layers.2.feature_mixer.mlp.fc1.bias,48,0.14510132372379303,True,False
backbone.encoder.mlp_mixer_encoder.mixers.2.mixer_layers.2.feature_mixer.mlp.fc1.weight,768,0.21074005961418152,True,False
backbone.encoder.mlp_mixer_encoder.mixers.2.mixer_layers.2.feature_mixer.mlp.fc2.bias,16,0.08666451275348663,True,False
backbone.encoder.mlp_mixer_encoder.mixers.2.mixer_layers.2.feature_mixer.mlp.fc2.weight,768,0.18386587500572205,True,False
backbone.encoder.mlp_mixer_encoder.mixers.2.mixer_layers.2.feature_mixer.norm.norm.bias,16,0.09944786876440048,True,False
backbone.encoder.mlp_mixer_encoder.mixers.2.mixer_layers.2.feature_mixer.norm.norm.weight,16,0.12423950433731079,True,False
backbone.encoder.mlp_mixer_encoder.mixers.2.mixer_layers.2.patch_mixer.gating_block.attn_layer.bias,7,0.12273949384689331,True,False
backbone.encoder.mlp_mixer_encoder.mixers.2.mixer_layers.2.patch_mixer.gating_block.attn_layer.weight,49,0.1397220492362976,True,False
backbone.encoder.mlp_mixer_encoder.mixers.2.mixer_layers.2.patch_mixer.mlp.fc1.bias,21,0.0753498300909996,True,False
backbone.encoder.mlp_mixer_encoder.mixers.2.mixer_layers.2.patch_mixer.mlp.fc1.weight,147,0.15711992979049683,True,False
backbone.encoder.mlp_mixer_encoder.mixers.2.mixer_layers.2.patch_mixer.mlp.fc2.bias,7,0.06934666633605957,True,False
backbone.encoder.mlp_mixer_encoder.mixers.2.mixer_layers.2.patch_mixer.mlp.fc2.weight,147,0.18445035815238953,True,False
backbone.encoder.mlp_mixer_encoder.mixers.2.mixer_layers.2.patch_mixer.norm.norm.bias,16,0.11396802961826324,True,False
backbone.encoder.mlp_mixer_encoder.mixers.2.mixer_layers.2.patch_mixer.norm.norm.weight,16,0.1782187819480896,True,False
backbone.encoder.patcher.bias,16,0.08735039830207825,True,True
backbone.encoder.patcher.weight,768,0.20789483189582825,True,True
decoder.adapter.bias,8,0.053197022527456284,True,False
decoder.adapter.weight,128,0.15731653571128845,True,False
decoder.decoder_block.mixers.0.feature_mixer.gating_block.attn_layer.bias,8,0.0866442397236824,True,False
decoder.decoder_block.mixers.0.feature_mixer.gating_block.attn_layer.weight,64,0.13038326799869537,True,False
decoder.decoder_block.mixers.0.feature_mixer.mlp.fc1.bias,24,0.13103321194648743,True,False
decoder.decoder_block.mixers.0.feature_mixer.mlp.fc1.weight,192,0.1781865358352661,True,False
decoder.decoder_block.mixers.0.feature_mixer.mlp.fc2.bias,8,0.05545561760663986,True,False
decoder.decoder_block.mixers.0.feature_mixer.mlp.fc2.weight,192,0.13425038754940033,True,False
decoder.decoder_block.mixers.0.feature_mixer.norm.norm.bias,8,0.08086341619491577,True,False
decoder.decoder_block.mixers.0.feature_mixer.norm.norm.weight,8,0.13916641473770142,True,False
decoder.decoder_block.mixers.0.patch_mixer.gating_block.attn_layer.bias,7,0.11229861527681351,True,False
decoder.decoder_block.mixers.0.patch_mixer.gating_block.attn_layer.weight,49,0.13570579886436462,True,False
decoder.decoder_block.mixers.0.patch_mixer.mlp.fc1.bias,21,0.11230945587158203,True,False
decoder.decoder_block.mixers.0.patch_mixer.mlp.fc1.weight,147,0.10708355903625488,True,False
decoder.decoder_block.mixers.0.patch_mixer.mlp.fc2.bias,7,0.05392955616116524,True,False
decoder.decoder_block.mixers.0.patch_mixer.mlp.fc2.weight,147,0.14759580790996552,True,False
decoder.decoder_block.mixers.0.patch_mixer.norm.norm.bias,8,0.09962846338748932,True,False
decoder.decoder_block.mixers.0.patch_mixer.norm.norm.weight,8,0.07738271355628967,True,False
decoder.decoder_block.mixers.1.feature_mixer.gating_block.attn_layer.bias,8,0.06332075595855713,True,False
decoder.decoder_block.mixers.1.feature_mixer.gating_block.attn_layer.weight,64,0.1389598250389099,True,False
decoder.decoder_block.mixers.1.feature_mixer.mlp.fc1.bias,24,0.10272325575351715,True,False
decoder.decoder_block.mixers.1.feature_mixer.mlp.fc1.weight,192,0.20741230249404907,True,False
decoder.decoder_block.mixers.1.feature_mixer.mlp.fc2.bias,8,0.04462716355919838,True,False
decoder.decoder_block.mixers.1.feature_mixer.mlp.fc2.weight,192,0.1537051796913147,True,False
decoder.decoder_block.mixers.1.feature_mixer.norm.norm.bias,8,0.09761889278888702,True,False
decoder.decoder_block.mixers.1.feature_mixer.norm.norm.weight,8,0.07418972253799438,True,False
decoder.decoder_block.mixers.1.patch_mixer.gating_block.attn_layer.bias,7,0.10942068696022034,True,False
decoder.decoder_block.mixers.1.patch_mixer.gating_block.attn_layer.weight,49,0.18151558935642242,True,False
decoder.decoder_block.mixers.1.patch_mixer.mlp.fc1.bias,21,0.06512296199798584,True,False
decoder.decoder_block.mixers.1.patch_mixer.mlp.fc1.weight,147,0.1373010277748108,True,False
decoder.decoder_block.mixers.1.patch_mixer.mlp.fc2.bias,7,0.045699696987867355,True,False
decoder.decoder_block.mixers.1.patch_mixer.mlp.fc2.weight,147,0.15553702414035797,True,False
decoder.decoder_block.mixers.1.patch_mixer.norm.norm.bias,8,0.10445329546928406,True,False
decoder.decoder_block.mixers.1.patch_mixer.norm.norm.weight,8,0.15073776245117188,True,False
decoder.decoder_block.mixers.2.feature_mixer.gating_block.attn_layer.bias,8,0.07152456045150757,True,False
decoder.decoder_block.mixers.2.feature_mixer.gating_block.attn_layer.weight,64,0.1269887089729309,True,False
decoder.decoder_block.mixers.2.feature_mixer.mlp.fc1.bias,24,0.04662477970123291,True,False
decoder.decoder_block.mixers.2.feature_mixer.mlp.fc1.weight,192,0.186875581741333,True,False
decoder.decoder_block.mixers.2.feature_mixer.mlp.fc2.bias,8,0.061981163918972015,True,False
decoder.decoder_block.mixers.2.feature_mixer.mlp.fc2.weight,192,0.11762872338294983,True,False
decoder.decoder_block.mixers.2.feature_mixer.norm.norm.bias,8,0.03152962028980255,True,False
decoder.decoder_block.mixers.2.feature_mixer.norm.norm.weight,8,0.10212274640798569,True,False
decoder.decoder_block.mixers.2.patch_mixer.gating_block.attn_layer.bias,7,0.07438232004642487,True,False
decoder.decoder_block.mixers.2.patch_mixer.gating_block.attn_layer.weight,49,0.1534157544374466,True,False
decoder.decoder_block.mixers.2.patch_mixer.mlp.fc1.bias,21,0.08791595697402954,True,False
decoder.decoder_block.mixers.2.patch_mixer.mlp.fc1.weight,147,0.17605918645858765,True,False
decoder.decoder_block.mixers.2.patch_mixer.mlp.fc2.bias,7,0.054038502275943756,True,False
decoder.decoder_block.mixers.2.patch_mixer.mlp.fc2.weight,147,0.20041580498218536,True,False
decoder.decoder_block.mixers.2.patch_mixer.norm.norm.bias,8,0.11905236542224884,True,False
decoder.decoder_block.mixers.2.patch_mixer.norm.norm.weight,8,0.19921040534973145,True,False
decoder.decoder_block.mixers.3.feature_mixer.gating_block.attn_layer.bias,8,0.09863628447055817,True,False
decoder.decoder_block.mixers.3.feature_mixer.gating_block.attn_layer.weight,64,0.18662717938423157,True,False
decoder.decoder_block.mixers.3.feature_mixer.mlp.fc1.bias,24,0.14287781715393066,True,False
decoder.decoder_block.mixers.3.feature_mixer.mlp.fc1.weight,192,0.195143923163414,True,False
decoder.decoder_block.mixers.3.feature_mixer.mlp.fc2.bias,8,0.06574757397174835,True,False
decoder.decoder_block.mixers.3.feature_mixer.mlp.fc2.weight,192,0.16949407756328583,True,False
decoder.decoder_block.mixers.3.feature_mixer.norm.norm.bias,8,0.11089551448822021,True,False
decoder.decoder_block.mixers.3.feature_mixer.norm.norm.weight,8,0.16588199138641357,True,False
decoder.decoder_block.mixers.3.patch_mixer.gating_block.attn_layer.bias,7,0.08167272806167603,True,False
decoder.decoder_block.mixers.3.patch_mixer.gating_block.attn_layer.weight,49,0.17813333868980408,True,False
decoder.decoder_block.mixers.3.patch_mixer.mlp.fc1.bias,21,0.03829222917556763,True,False
decoder.decoder_block.mixers.3.patch_mixer.mlp.fc1.weight,147,0.1481509804725647,True,False
decoder.decoder_block.mixers.3.patch_mixer.mlp.fc2.bias,7,0.04180078208446503,True,False
decoder.decoder_block.mixers.3.patch_mixer.mlp.fc2.weight,147,0.15699231624603271,True,False
decoder.decoder_block.mixers.3.patch_mixer.norm.norm.bias,8,0.11357370018959045,True,False
decoder.decoder_block.mixers.3.patch_mixer.norm.norm.weight,8,0.07309001684188843,True,False
decoder.decoder_block.mixers.4.feature_mixer.gating_block.attn_layer.bias,8,0.08519977331161499,True,False
decoder.decoder_block.mixers.4.feature_mixer.gating_block.attn_layer.weight,64,0.1413935422897339,True,False
decoder.decoder_block.mixers.4.feature_mixer.mlp.fc1.bias,24,0.047672089189291,True,False
decoder.decoder_block.mixers.4.feature_mixer.mlp.fc1.weight,192,0.14136412739753723,True,False
decoder.decoder_block.mixers.4.feature_mixer.mlp.fc2.bias,8,0.07314927875995636,True,False
decoder.decoder_block.mixers.4.feature_mixer.mlp.fc2.weight,192,0.12047306448221207,True,False
decoder.decoder_block.mixers.4.feature_mixer.norm.norm.bias,8,0.028738895431160927,True,False
decoder.decoder_block.mixers.4.feature_mixer.norm.norm.weight,8,0.11647741496562958,True,False
decoder.decoder_block.mixers.4.patch_mixer.gating_block.attn_layer.bias,7,0.11981290578842163,True,False
decoder.decoder_block.mixers.4.patch_mixer.gating_block.attn_layer.weight,49,0.10541856288909912,True,False
decoder.decoder_block.mixers.4.patch_mixer.mlp.fc1.bias,21,0.11476647853851318,True,False
decoder.decoder_block.mixers.4.patch_mixer.mlp.fc1.weight,147,0.12054672837257385,True,False
decoder.decoder_block.mixers.4.patch_mixer.mlp.fc2.bias,7,0.08829139173030853,True,False
decoder.decoder_block.mixers.4.patch_mixer.mlp.fc2.weight,147,0.12410210072994232,True,False
decoder.decoder_block.mixers.4.patch_mixer.norm.norm.bias,8,0.12440831959247589,True,False
decoder.decoder_block.mixers.4.patch_mixer.norm.norm.weight,8,0.09094452857971191,True,False
decoder.decoder_block.mixers.5.feature_mixer.gating_block.attn_layer.bias,8,0.0596180260181427,True,False
decoder.decoder_block.mixers.5.feature_mixer.gating_block.attn_layer.weight,64,0.08020097017288208,True,False
decoder.decoder_block.mixers.5.feature_mixer.mlp.fc1.bias,24,0.03478682041168213,True,False
decoder.decoder_block.mixers.5.feature_mixer.mlp.fc1.weight,192,0.1443910300731659,True,False
decoder.decoder_block.mixers.5.feature_mixer.mlp.fc2.bias,8,0.039087969809770584,True,False
decoder.decoder_block.mixers.5.feature_mixer.mlp.fc2.weight,192,0.1318768709897995,True,False
decoder.decoder_block.mixers.5.feature_mixer.norm.norm.bias,8,0.03880500793457031,True,False
decoder.decoder_block.mixers.5.feature_mixer.norm.norm.weight,8,0.12590071558952332,True,False
decoder.decoder_block.mixers.5.patch_mixer.gating_block.attn_layer.bias,7,0.0731211006641388,True,False
decoder.decoder_block.mixers.5.patch_mixer.gating_block.attn_layer.weight,49,0.10404335707426071,True,False
decoder.decoder_block.mixers.5.patch_mixer.mlp.fc1.bias,21,0.06524410843849182,True,False
decoder.decoder_block.mixers.5.patch_mixer.mlp.fc1.weight,147,0.13909345865249634,True,False
decoder.decoder_block.mixers.5.patch_mixer.mlp.fc2.bias,7,0.04759521782398224,True,False
decoder.decoder_block.mixers.5.patch_mixer.mlp.fc2.weight,147,0.15405327081680298,True,False
decoder.decoder_block.mixers.5.patch_mixer.norm.norm.bias,8,0.10216419398784637,True,False
decoder.decoder_block.mixers.5.patch_mixer.norm.norm.weight,8,0.07648289203643799,True,False
decoder.decoder_block.mixers.6.feature_mixer.gating_block.attn_layer.bias,8,0.18580198287963867,True,False
decoder.decoder_block.mixers.6.feature_mixer.gating_block.attn_layer.weight,64,0.1930864453315735,True,False
decoder.decoder_block.mixers.6.feature_mixer.mlp.fc1.bias,24,0.18212652206420898,True,False
decoder.decoder_block.mixers.6.feature_mixer.mlp.fc1.weight,192,0.28715693950653076,True,False
decoder.decoder_block.mixers.6.feature_mixer.mlp.fc2.bias,8,0.07148444652557373,True,False
decoder.decoder_block.mixers.6.feature_mixer.mlp.fc2.weight,192,0.2529151141643524,True,False
decoder.decoder_block.mixers.6.feature_mixer.norm.norm.bias,8,0.08025860786437988,True,False
decoder.decoder_block.mixers.6.feature_mixer.norm.norm.weight,8,0.15000325441360474,True,False
decoder.decoder_block.mixers.6.patch_mixer.gating_block.attn_layer.bias,7,0.06408920884132385,True,False
decoder.decoder_block.mixers.6.patch_mixer.gating_block.attn_layer.weight,49,0.12691247463226318,True,False
decoder.decoder_block.mixers.6.patch_mixer.mlp.fc1.bias,21,0.05027961730957031,True,False
decoder.decoder_block.mixers.6.patch_mixer.mlp.fc1.weight,147,0.1408446729183197,True,False
decoder.decoder_block.mixers.6.patch_mixer.mlp.fc2.bias,7,0.0640915259718895,True,False
decoder.decoder_block.mixers.6.patch_mixer.mlp.fc2.weight,147,0.13384830951690674,True,False
decoder.decoder_block.mixers.6.patch_mixer.norm.norm.bias,8,0.09047494828701019,True,False
decoder.decoder_block.mixers.6.patch_mixer.norm.norm.weight,8,0.22172203660011292,True,False
decoder.decoder_block.mixers.7.feature_mixer.gating_block.attn_layer.bias,8,0.0919654443860054,True,False
decoder.decoder_block.mixers.7.feature_mixer.gating_block.attn_layer.weight,64,0.13602203130722046,True,False
decoder.decoder_block.mixers.7.feature_mixer.mlp.fc1.bias,24,0.10073341429233551,True,False
decoder.decoder_block.mixers.7.feature_mixer.mlp.fc1.weight,192,0.19147399067878723,True,False
decoder.decoder_block.mixers.7.feature_mixer.mlp.fc2.bias,8,0.07829245924949646,True,False
decoder.decoder_block.mixers.7.feature_mixer.mlp.fc2.weight,192,0.15294504165649414,True,False
decoder.decoder_block.mixers.7.feature_mixer.norm.norm.bias,8,0.10999062657356262,True,False
decoder.decoder_block.mixers.7.feature_mixer.norm.norm.weight,8,0.13485735654830933,True,False
decoder.decoder_block.mixers.7.patch_mixer.gating_block.attn_layer.bias,7,0.11304593086242676,True,False
decoder.decoder_block.mixers.7.patch_mixer.gating_block.attn_layer.weight,49,0.17534101009368896,True,False
decoder.decoder_block.mixers.7.patch_mixer.mlp.fc1.bias,21,0.07606089115142822,True,False
decoder.decoder_block.mixers.7.patch_mixer.mlp.fc1.weight,147,0.14497843384742737,True,False
decoder.decoder_block.mixers.7.patch_mixer.mlp.fc2.bias,7,0.04554734379053116,True,False
decoder.decoder_block.mixers.7.patch_mixer.mlp.fc2.weight,147,0.1732529252767563,True,False
decoder.decoder_block.mixers.7.patch_mixer.norm.norm.bias,8,0.06979984045028687,True,False
decoder.decoder_block.mixers.7.patch_mixer.norm.norm.weight,8,0.16910800337791443,True,False
head.base_forecast_block.bias,48,0.1647157222032547,True,True
head.base_forecast_block.weight,2688,0.28769683837890625,True,True
