timestamp,actual_zone_load_mw,predicted_zone_load_mw,forecast_error_mw,peak_threshold_mw,predicted_peak,actual_dr_peak,severity,dr_candidate,actual_dr_event
2025-11-14 00:00:00,518.57,536.75714,-18.1871411132812,901.1164999999995,0,0,Normal,0,0
2025-11-14 01:00:00,519.3683333333333,522.9528,-3.5844864908854106,901.1164999999995,0,0,Normal,0,0
2025-11-14 02:00:00,531.5416666666666,520.7559,10.785746256510379,901.1164999999995,0,0,Normal,0,0
2025-11-14 03:00:00,537.5766666666666,525.83514,11.741522623697847,901.1164999999995,0,0,Normal,0,0
2025-11-14 04:00:00,548.225,537.0006,11.224389648437523,901.1164999999995,0,0,Normal,0,0
2025-11-14 05:00:00,574.5266666666666,561.0165,13.510187174479142,901.1164999999995,0,0,Normal,0,0
2025-11-14 06:00:00,618.73,601.0419,17.688129882812518,901.1164999999995,0,0,Normal,0,0
2025-11-14 07:00:00,674.5483333333334,659.5914,14.956963704427153,901.1164999999995,0,0,Normal,0,0
2025-11-14 08:00:00,724.1550000000001,705.9474,18.207612304687586,901.1164999999995,0,0,Normal,0,0
2025-11-14 09:00:00,760.535,730.1398,30.395229492187468,901.1164999999995,0,0,Normal,0,0
2025-11-14 10:00:00,782.4283333333333,741.57007,40.858264973958285,901.1164999999995,0,0,Normal,0,0
2025-11-14 11:00:00,779.3816666666667,736.90784,42.47382975260416,901.1164999999995,0,0,Normal,0,0
2025-11-14 12:00:00,756.2966666666667,726.927,29.369664713541738,901.1164999999995,0,0,Normal,0,0
2025-11-14 13:00:00,720.5866666666666,700.15546,20.431210123697838,901.1164999999995,0,0,Normal,0,0
2025-11-14 14:00:00,686.7916666666666,665.3681,21.42356363932288,901.1164999999995,0,0,Normal,0,0
2025-11-14 15:00:00,669.1216666666667,657.3392,11.78249430338542,901.1164999999995,0,0,Normal,0,0
2025-11-14 16:00:00,702.73,684.3835,18.346516113281268,901.1164999999995,0,0,Normal,0,0
2025-11-14 17:00:00,785.52,740.1697,45.35032226562498,901.1164999999995,0,0,Normal,0,0
2025-11-14 18:00:00,840.8116666666666,778.3268,62.48488444010411,901.1164999999995,0,0,Normal,0,1
2025-11-14 19:00:00,790.9016666666666,761.2985,29.603143717447892,901.1164999999995,0,0,Normal,0,1
2025-11-14 20:00:00,685.1966666666667,678.12897,7.067699381510465,901.1164999999995,0,0,Normal,0,0
2025-11-14 21:00:00,619.265,613.6672,5.597824707031236,901.1164999999995,0,0,Normal,0,0
2025-11-14 22:00:00,604.2900000000001,586.884,17.406027832031327,901.1164999999995,0,0,Normal,0,0
2025-11-14 23:00:00,574.94,558.5107,16.429318847656305,901.1164999999995,0,0,Normal,0,0
