event_id,region_id,start_ts,end_ts,surcharge_level,reduction_target_pct
1,TUN,2025-01-06 21:00,2025-01-06 23:00,2,20
2,TUN,2025-01-07 20:00,2025-01-07 22:00,2,20
3,TUN,2025-01-09 20:00,2025-01-09 22:00,2,20
4,TUN,2025-01-10 22:00,2025-01-11 00:00,2,20
5,TUN,2025-01-12 22:00,2025-01-13 00:00,2,20
6,TUN,2025-01-13 21:00,2025-01-13 23:00,2,20
7,TUN,2025-01-14 20:00,2025-01-14 22:00,2,20
8,TUN,2025-01-16 21:00,2025-01-16 23:00,2,20
9,TUN,2025-01-17 21:00,2025-01-17 23:00,2,20
10,TUN,2025-01-20 20:00,2025-01-20 22:00,2,20
11,TUN,2025-01-21 18:00,2025-01-21 20:00,2,20
12,TUN,2025-01-22 21:00,2025-01-22 23:00,2,20
13,TUN,2025-01-24 22:00,2025-01-25 00:00,2,20
14,TUN,2025-01-25 20:00,2025-01-25 22:00,2,20
15,TUN,2025-02-17 22:00,2025-02-18 00:00,2,20
16,TUN,2025-02-19 19:00,2025-02-19 21:00,2,20
17,TUN,2025-02-20 20:00,2025-02-20 22:00,2,20
18,TUN,2025-02-21 21:00,2025-02-21 23:00,2,20
19,TUN,2025-03-20 21:00,2025-03-20 23:00,2,20
20,TUN,2025-03-21 21:00,2025-03-21 23:00,2,20
21,TUN,2025-03-24 22:00,2025-03-25 00:00,2,20
22,TUN,2025-03-25 20:00,2025-03-25 22:00,2,20
23,TUN,2025-06-17 19:00,2025-06-17 21:00,2,20
24,TUN,2025-06-23 19:00,2025-06-23 21:00,2,20
25,TUN,2025-06-30 19:00,2025-06-30 21:00,2,20
26,TUN,2025-07-01 19:00,2025-07-01 21:00,2,20
27,TUN,2025-07-02 20:00,2025-07-02 22:00,2,20
28,TUN,2025-07-03 21:00,2025-07-03 23:00,2,20
29,TUN,2025-07-07 20:00,2025-07-07 22:00,2,20
30,TUN,2025-07-08 20:00,2025-07-08 22:00,2,20
31,TUN,2025-07-21 20:00,2025-07-21 22:00,2,20
32,TUN,2025-08-09 19:00,2025-08-09 21:00,2,20
33,TUN,2025-08-10 18:00,2025-08-10 20:00,2,20
34,TUN,2025-08-11 20:00,2025-08-11 22:00,2,20
35,TUN,2025-08-12 18:00,2025-08-12 20:00,2,20
36,TUN,2025-08-13 19:00,2025-08-13 21:00,2,20
