event_id,client_id,response
1,C001,decline
2,C001,accept
3,C001,accept
4,C001,accept
5,C001,accept
6,C001,decline
7,C001,accept
8,C001,accept
9,C001,accept
10,C001,no_response
11,C001,accept
12,C001,decline
13,C001,no_response
14,C001,accept
15,C001,no_response
16,C001,accept
17,C001,decline
18,C001,accept
19,C001,no_response
20,C001,decline
21,C001,decline
22,C001,decline
23,C001,no_response
24,C001,no_response
25,C001,decline
26,C001,accept
27,C001,decline
28,C001,accept
29,C001,no_response
30,C001,decline
31,C001,accept
32,C001,decline
33,C001,decline
34,C001,no_response
35,C001,decline
36,C001,no_response
1,C002,decline
2,C002,decline
3,C002,decline
4,C002,accept
5,C002,no_response
6,C002,decline
7,C002,no_response
8,C002,decline
9,C002,accept
10,C002,decline
11,C002,accept
12,C002,accept
13,C002,no_response
14,C002,decline
15,C002,decline
16,C002,accept
17,C002,accept
18,C002,no_response
19,C002,decline
20,C002,decline
21,C002,decline
22,C002,decline
23,C002,no_response
24,C002,decline
25,C002,no_response
26,C002,decline
27,C002,decline
28,C002,decline
29,C002,accept
30,C002,accept
31,C002,no_response
32,C002,decline
33,C002,decline
34,C002,decline
35,C002,decline
36,C002,no_response
1,C003,accept
2,C003,accept
3,C003,decline
4,C003,accept
5,C003,accept
6,C003,accept
7,C003,accept
8,C003,decline
9,C003,accept
10,C003,accept
11,C003,accept
12,C003,decline
13,C003,decline
14,C003,accept
15,C003,accept
16,C003,decline
17,C003,accept
18,C003,accept
19,C003,decline
20,C003,accept
21,C003,no_response
22,C003,accept
23,C003,decline
24,C003,decline
25,C003,no_response
26,C003,no_response
27,C003,accept
28,C003,accept
29,C003,accept
30,C003,decline
31,C003,accept
32,C003,decline
33,C003,accept
34,C003,decline
35,C003,no_response
36,C003,decline
1,C004,no_response
2,C004,accept
3,C004,accept
4,C004,decline
5,C004,decline
6,C004,decline
7,C004,accept
8,C004,no_response
9,C004,accept
10,C004,decline
11,C004,accept
12,C004,accept
13,C004,no_response
14,C004,accept
15,C004,no_response
16,C004,no_response
17,C004,accept
18,C004,accept
19,C004,accept
20,C004,accept
21,C004,accept
22,C004,accept
23,C004,accept
24,C004,no_response
25,C004,no_response
26,C004,decline
27,C004,decline
28,C004,no_response
29,C004,decline
30,C004,decline
31,C004,accept
32,C004,no_response
33,C004,decline
34,C004,decline
35,C004,decline
36,C004,decline
1,C005,no_response
2,C005,no_response
3,C005,accept
4,C005,accept
5,C005,accept
6,C005,accept
7,C005,no_response
8,C005,decline
9,C005,accept
10,C005,decline
11,C005,no_response
12,C005,accept
13,C005,decline
14,C005,accept
15,C005,accept
16,C005,accept
17,C005,accept
18,C005,no_response
19,C005,accept
20,C005,no_response
21,C005,decline
22,C005,accept
23,C005,accept
24,C005,decline
25,C005,decline
26,C005,no_response
27,C005,decline
28,C005,accept
29,C005,decline
30,C005,decline
31,C005,accept
32,C005,decline
33,C005,decline
34,C005,decline
35,C005,no_response
36,C005,no_response
1,C006,no_response
2,C006,decline
3,C006,decline
4,C006,no_response
5,C006,no_response
6,C006,no_response
7,C006,decline
8,C006,decline
9,C006,decline
10,C006,accept
11,C006,decline
12,C006,accept
13,C006,decline
14,C006,accept
15,C006,accept
16,C006,decline
17,C006,accept
18,C006,accept
19,C006,no_response
20,C006,decline
21,C006,no_response
22,C006,no_response
23,C006,accept
24,C006,no_response
25,C006,decline
26,C006,decline
27,C006,no_response
28,C006,accept
29,C006,decline
30,C006,no_response
31,C006,decline
32,C006,no_response
33,C006,no_response
34,C006,no_response
35,C006,decline
36,C006,decline
1,C007,no_response
2,C007,accept
3,C007,accept
4,C007,accept
5,C007,no_response
6,C007,decline
7,C007,decline
8,C007,accept
9,C007,decline
10,C007,decline
11,C007,decline
12,C007,accept
13,C007,no_response
14,C007,decline
15,C007,accept
16,C007,accept
17,C007,accept
18,C007,decline
19,C007,accept
20,C007,accept
21,C007,accept
22,C007,decline
23,C007,accept
24,C007,decline
25,C007,no_response
26,C007,accept
27,C007,decline
28,C007,no_response
29,C007,no_response
30,C007,accept
31,C007,no_response
32,C007,decline
33,C007,decline
34,C007,accept
35,C007,no_response
36,C007,decline
1,C008,accept
2,C008,accept
3,C008,accept
4,C008,accept
5,C008,decline
6,C008,decline
7,C008,accept
8,C008,accept
9,C008,decline
10,C008,accept
11,C008,accept
12,C008,accept
13,C008,accept
14,C008,decline
15,C008,accept
16,C008,accept
17,C008,accept
18,C008,accept
19,C008,accept
20,C008,accept
21,C008,accept
22,C008,decline
23,C008,no_response
24,C008,decline
25,C008,decline
26,C008,no_response
27,C008,accept
28,C008,accept
29,C008,no_response
30,C008,accept
31,C008,no_response
32,C008,accept
33,C008,accept
34,C008,accept
35,C008,no_response
36,C008,no_response
1,C009,no_response
2,C009,accept
3,C009,accept
4,C009,decline
5,C009,no_response
6,C009,decline
7,C009,decline
8,C009,no_response
9,C009,accept
10,C009,no_response
11,C009,accept
12,C009,accept
13,C009,no_response
14,C009,accept
15,C009,accept
16,C009,accept
17,C009,decline
18,C009,no_response
19,C009,accept
20,C009,no_response
21,C009,no_response
22,C009,accept
23,C009,accept
24,C009,decline
25,C009,decline
26,C009,no_response
27,C009,decline
28,C009,decline
29,C009,accept
30,C009,no_response
31,C009,decline
32,C009,decline
33,C009,decline
34,C009,no_response
35,C009,decline
36,C009,no_response
1,C010,accept
2,C010,accept
3,C010,decline
4,C010,accept
5,C010,accept
6,C010,accept
7,C010,accept
8,C010,decline
9,C010,accept
10,C010,accept
11,C010,accept
12,C010,no_response
13,C010,accept
14,C010,accept
15,C010,accept
16,C010,accept
17,C010,decline
18,C010,accept
19,C010,decline
20,C010,accept
21,C010,accept
22,C010,accept
23,C010,accept
24,C010,accept
25,C010,accept
26,C010,accept
27,C010,accept
28,C010,accept
29,C010,no_response
30,C010,accept
31,C010,decline
32,C010,decline
33,C010,no_response
34,C010,accept
35,C010,decline
36,C010,no_response
1,C011,accept
2,C011,accept
3,C011,no_response
4,C011,no_response
5,C011,accept
6,C011,no_response
7,C011,decline
8,C011,accept
9,C011,accept
10,C011,no_response
11,C011,accept
12,C011,decline
13,C011,decline
14,C011,accept
15,C011,accept
16,C011,accept
17,C011,accept
18,C011,accept
19,C011,accept
20,C011,decline
21,C011,accept
22,C011,accept
23,C011,accept
24,C011,decline
25,C011,decline
26,C011,decline
27,C011,accept
28,C011,no_response
29,C011,no_response
30,C011,accept
31,C011,accept
32,C011,no_response
33,C011,decline
34,C011,no_response
35,C011,decline
36,C011,decline
1,C012,decline
2,C012,no_response
3,C012,accept
4,C012,decline
5,C012,accept
6,C012,accept
7,C012,no_response
8,C012,accept
9,C012,accept
10,C012,accept
11,C012,accept
12,C012,no_response
13,C012,decline
14,C012,no_response
15,C012,no_response
16,C012,accept
17,C012,accept
18,C012,accept
19,C012,accept
20,C012,accept
21,C012,accept
22,C012,accept
23,C012,decline
24,C012,no_response
25,C012,decline
26,C012,accept
27,C012,decline
28,C012,accept
29,C012,no_response
30,C012,no_response
31,C012,no_response
32,C012,decline
33,C012,accept
34,C012,decline
35,C012,decline
36,C012,no_response
1,C013,accept
2,C013,no_response
3,C013,decline
4,C013,accept
5,C013,accept
6,C013,accept
7,C013,accept
8,C013,accept
9,C013,accept
10,C013,no_response
11,C013,no_response
12,C013,accept
13,C013,accept
14,C013,accept
15,C013,accept
16,C013,accept
17,C013,accept
18,C013,accept
19,C013,accept
20,C013,no_response
21,C013,accept
22,C013,accept
23,C013,decline
24,C013,decline
25,C013,accept
26,C013,decline
27,C013,accept
28,C013,accept
29,C013,accept
30,C013,decline
31,C013,decline
32,C013,decline
33,C013,decline
34,C013,decline
35,C013,decline
36,C013,decline
1,C014,accept
2,C014,accept
3,C014,accept
4,C014,decline
5,C014,decline
6,C014,accept
7,C014,accept
8,C014,decline
9,C014,decline
10,C014,decline
11,C014,accept
12,C014,accept
13,C014,accept
14,C014,accept
15,C014,accept
16,C014,no_response
17,C014,accept
18,C014,no_response
19,C014,accept
20,C014,decline
21,C014,no_response
22,C014,no_response
23,C014,decline
24,C014,accept
25,C014,no_response
26,C014,no_response
27,C014,accept
28,C014,accept
29,C014,decline
30,C014,decline
31,C014,accept
32,C014,decline
33,C014,decline
34,C014,no_response
35,C014,accept
36,C014,no_response
1,C015,decline
2,C015,accept
3,C015,decline
4,C015,accept
5,C015,no_response
6,C015,accept
7,C015,accept
8,C015,no_response
9,C015,accept
10,C015,no_response
11,C015,accept
12,C015,accept
13,C015,decline
14,C015,accept
15,C015,decline
16,C015,accept
17,C015,accept
18,C015,decline
19,C015,decline
20,C015,accept
21,C015,no_response
22,C015,accept
23,C015,accept
24,C015,decline
25,C015,decline
26,C015,accept
27,C015,decline
28,C015,accept
29,C015,decline
30,C015,no_response
31,C015,decline
32,C015,decline
33,C015,no_response
34,C015,decline
35,C015,decline
36,C015,decline
1,C016,accept
2,C016,no_response
3,C016,accept
4,C016,accept
5,C016,accept
6,C016,accept
7,C016,accept
8,C016,decline
9,C016,no_response
10,C016,decline
11,C016,decline
12,C016,accept
13,C016,accept
14,C016,accept
15,C016,accept
16,C016,accept
17,C016,accept
18,C016,accept
19,C016,decline
20,C016,accept
21,C016,accept
22,C016,accept
23,C016,no_response
24,C016,accept
25,C016,accept
26,C016,accept
27,C016,decline
28,C016,accept
29,C016,accept
30,C016,accept
31,C016,accept
32,C016,decline
33,C016,accept
34,C016,accept
35,C016,no_response
36,C016,accept
1,C017,accept
2,C017,accept
3,C017,no_response
4,C017,decline
5,C017,accept
6,C017,accept
7,C017,decline
8,C017,accept
9,C017,accept
10,C017,accept
11,C017,accept
12,C017,accept
13,C017,decline
14,C017,accept
15,C017,accept
16,C017,accept
17,C017,accept
18,C017,accept
19,C017,decline
20,C017,accept
21,C017,decline
22,C017,accept
23,C017,accept
24,C017,accept
25,C017,accept
26,C017,accept
27,C017,accept
28,C017,decline
29,C017,decline
30,C017,no_response
31,C017,accept
32,C017,accept
33,C017,no_response
34,C017,accept
35,C017,no_response
36,C017,decline
1,C018,accept
2,C018,accept
3,C018,accept
4,C018,accept
5,C018,accept
6,C018,accept
7,C018,accept
8,C018,accept
9,C018,accept
10,C018,accept
11,C018,accept
12,C018,accept
13,C018,accept
14,C018,accept
15,C018,decline
16,C018,accept
17,C018,accept
18,C018,accept
19,C018,accept
20,C018,decline
21,C018,accept
22,C018,accept
23,C018,accept
24,C018,accept
25,C018,decline
26,C018,accept
27,C018,accept
28,C018,accept
29,C018,no_response
30,C018,accept
31,C018,accept
32,C018,no_response
33,C018,decline
34,C018,no_response
35,C018,accept
36,C018,decline
1,C019,accept
2,C019,accept
3,C019,accept
4,C019,accept
5,C019,accept
6,C019,accept
7,C019,no_response
8,C019,decline
9,C019,accept
10,C019,accept
11,C019,no_response
12,C019,accept
13,C019,accept
14,C019,accept
15,C019,accept
16,C019,decline
17,C019,accept
18,C019,accept
19,C019,decline
20,C019,accept
21,C019,accept
22,C019,accept
23,C019,accept
24,C019,decline
25,C019,decline
26,C019,accept
27,C019,accept
28,C019,accept
29,C019,no_response
30,C019,accept
31,C019,accept
32,C019,decline
33,C019,no_response
34,C019,no_response
35,C019,no_response
36,C019,accept
1,C020,no_response
2,C020,decline
3,C020,accept
4,C020,accept
5,C020,decline
6,C020,accept
7,C020,accept
8,C020,accept
9,C020,decline
10,C020,accept
11,C020,decline
12,C020,no_response
13,C020,decline
14,C020,accept
15,C020,no_response
16,C020,decline
17,C020,accept
18,C020,decline
19,C020,decline
20,C020,accept
21,C020,accept
22,C020,decline
23,C020,accept
24,C020,accept
25,C020,accept
26,C020,no_response
27,C020,accept
28,C020,accept
29,C020,decline
30,C020,accept
31,C020,accept
32,C020,accept
33,C020,decline
34,C020,accept
35,C020,decline
36,C020,accept
1,C021,decline
2,C021,accept
3,C021,accept
4,C021,accept
5,C021,decline
6,C021,accept
7,C021,accept
8,C021,accept
9,C021,accept
10,C021,decline
11,C021,accept
12,C021,accept
13,C021,decline
14,C021,accept
15,C021,accept
16,C021,no_response
17,C021,accept
18,C021,accept
19,C021,no_response
20,C021,decline
21,C021,decline
22,C021,accept
23,C021,accept
24,C021,no_response
25,C021,accept
26,C021,decline
27,C021,accept
28,C021,decline
29,C021,decline
30,C021,decline
31,C021,decline
32,C021,no_response
33,C021,decline
34,C021,accept
35,C021,no_response
36,C021,no_response
1,C022,accept
2,C022,accept
3,C022,no_response
4,C022,accept
5,C022,accept
6,C022,decline
7,C022,accept
8,C022,accept
9,C022,accept
10,C022,accept
11,C022,accept
12,C022,accept
13,C022,decline
14,C022,accept
15,C022,accept
16,C022,accept
17,C022,decline
18,C022,accept
19,C022,decline
20,C022,decline
21,C022,accept
22,C022,no_response
23,C022,accept
24,C022,accept
25,C022,accept
26,C022,decline
27,C022,accept
28,C022,accept
29,C022,accept
30,C022,accept
31,C022,accept
32,C022,accept
33,C022,accept
34,C022,accept
35,C022,decline
36,C022,decline
1,C023,decline
2,C023,decline
3,C023,decline
4,C023,accept
5,C023,no_response
6,C023,no_response
7,C023,accept
8,C023,accept
9,C023,accept
10,C023,accept
11,C023,no_response
12,C023,decline
13,C023,accept
14,C023,accept
15,C023,accept
16,C023,accept
17,C023,accept
18,C023,accept
19,C023,accept
20,C023,accept
21,C023,accept
22,C023,accept
23,C023,accept
24,C023,accept
25,C023,decline
26,C023,accept
27,C023,accept
28,C023,decline
29,C023,no_response
30,C023,accept
31,C023,accept
32,C023,decline
33,C023,accept
34,C023,no_response
35,C023,accept
36,C023,decline
1,C024,decline
2,C024,no_response
3,C024,accept
4,C024,accept
5,C024,accept
6,C024,accept
7,C024,no_response
8,C024,decline
9,C024,accept
10,C024,accept
11,C024,decline
12,C024,decline
13,C024,no_response
14,C024,accept
15,C024,no_response
16,C024,accept
17,C024,accept
18,C024,accept
19,C024,accept
20,C024,accept
21,C024,decline
22,C024,accept
23,C024,decline
24,C024,accept
25,C024,decline
26,C024,accept
27,C024,accept
28,C024,no_response
29,C024,decline
30,C024,accept
31,C024,decline
32,C024,accept
33,C024,decline
34,C024,accept
35,C024,decline
36,C024,decline
1,C025,accept
2,C025,accept
3,C025,accept
4,C025,accept
5,C025,decline
6,C025,accept
7,C025,no_response
8,C025,accept
9,C025,decline
10,C025,accept
11,C025,accept
12,C025,decline
13,C025,accept
14,C025,decline
15,C025,no_response
16,C025,accept
17,C025,accept
18,C025,decline
19,C025,accept
20,C025,no_response
21,C025,accept
22,C025,no_response
23,C025,decline
24,C025,decline
25,C025,no_response
26,C025,decline
27,C025,no_response
28,C025,decline
29,C025,no_response
30,C025,decline
31,C025,no_response
32,C025,no_response
33,C025,accept
34,C025,accept
35,C025,no_response
36,C025,no_response
1,C026,accept
2,C026,accept
3,C026,accept
4,C026,accept
5,C026,no_response
6,C026,accept
7,C026,accept
8,C026,accept
9,C026,accept
10,C026,accept
11,C026,accept
12,C026,no_response
13,C026,no_response
14,C026,accept
15,C026,accept
16,C026,accept
17,C026,accept
18,C026,no_response
19,C026,no_response
20,C026,accept
21,C026,accept
22,C026,accept
23,C026,decline
24,C026,accept
25,C026,decline
26,C026,accept
27,C026,accept
28,C026,accept
29,C026,accept
30,C026,no_response
31,C026,accept
32,C026,accept
33,C026,decline
34,C026,no_response
35,C026,no_response
36,C026,accept
1,C027,accept
2,C027,decline
3,C027,decline
4,C027,accept
5,C027,accept
6,C027,accept
7,C027,accept
8,C027,accept
9,C027,accept
10,C027,decline
11,C027,accept
12,C027,no_response
13,C027,accept
14,C027,accept
15,C027,accept
16,C027,no_response
17,C027,no_response
18,C027,accept
19,C027,accept
20,C027,no_response
21,C027,accept
22,C027,decline
23,C027,no_response
24,C027,decline
25,C027,no_response
26,C027,decline
27,C027,decline
28,C027,accept
29,C027,decline
30,C027,decline
31,C027,decline
32,C027,decline
33,C027,decline
34,C027,accept
35,C027,decline
36,C027,decline
1,C028,accept
2,C028,decline
3,C028,decline
4,C028,accept
5,C028,decline
6,C028,accept
7,C028,accept
8,C028,decline
9,C028,decline
10,C028,accept
11,C028,accept
12,C028,accept
13,C028,accept
14,C028,no_response
15,C028,decline
16,C028,accept
17,C028,decline
18,C028,decline
19,C028,accept
20,C028,decline
21,C028,decline
22,C028,accept
23,C028,accept
24,C028,decline
25,C028,decline
26,C028,no_response
27,C028,accept
28,C028,no_response
29,C028,decline
30,C028,no_response
31,C028,accept
32,C028,accept
33,C028,decline
34,C028,no_response
35,C028,accept
36,C028,decline
1,C029,accept
2,C029,accept
3,C029,no_response
4,C029,accept
5,C029,accept
6,C029,no_response
7,C029,decline
8,C029,accept
9,C029,accept
10,C029,decline
11,C029,accept
12,C029,decline
13,C029,accept
14,C029,accept
15,C029,accept
16,C029,accept
17,C029,accept
18,C029,decline
19,C029,accept
20,C029,accept
21,C029,accept
22,C029,accept
23,C029,accept
24,C029,accept
25,C029,decline
26,C029,no_response
27,C029,no_response
28,C029,no_response
29,C029,accept
30,C029,accept
31,C029,no_response
32,C029,decline
33,C029,no_response
34,C029,no_response
35,C029,decline
36,C029,accept
1,C030,accept
2,C030,accept
3,C030,decline
4,C030,no_response
5,C030,accept
6,C030,accept
7,C030,accept
8,C030,no_response
9,C030,decline
10,C030,accept
11,C030,accept
12,C030,decline
13,C030,accept
14,C030,accept
15,C030,no_response
16,C030,accept
17,C030,accept
18,C030,accept
19,C030,decline
20,C030,accept
21,C030,no_response
22,C030,accept
23,C030,decline
24,C030,decline
25,C030,accept
26,C030,no_response
27,C030,decline
28,C030,decline
29,C030,decline
30,C030,accept
31,C030,no_response
32,C030,no_response
33,C030,decline
34,C030,accept
35,C030,decline
36,C030,no_response
1,C031,decline
2,C031,accept
3,C031,accept
4,C031,no_response
5,C031,accept
6,C031,no_response
7,C031,no_response
8,C031,decline
9,C031,accept
10,C031,no_response
11,C031,accept
12,C031,accept
13,C031,accept
14,C031,no_response
15,C031,accept
16,C031,no_response
17,C031,accept
18,C031,accept
19,C031,decline
20,C031,accept
21,C031,accept
22,C031,accept
23,C031,accept
24,C031,accept
25,C031,decline
26,C031,accept
27,C031,no_response
28,C031,no_response
29,C031,decline
30,C031,decline
31,C031,accept
32,C031,no_response
33,C031,accept
34,C031,decline
35,C031,decline
36,C031,accept
1,C032,accept
2,C032,no_response
3,C032,accept
4,C032,accept
5,C032,accept
6,C032,accept
7,C032,accept
8,C032,decline
9,C032,no_response
10,C032,accept
11,C032,accept
12,C032,accept
13,C032,accept
14,C032,accept
15,C032,accept
16,C032,accept
17,C032,decline
18,C032,accept
19,C032,no_response
20,C032,accept
21,C032,accept
22,C032,accept
23,C032,accept
24,C032,accept
25,C032,decline
26,C032,accept
27,C032,accept
28,C032,accept
29,C032,decline
30,C032,decline
31,C032,no_response
32,C032,no_response
33,C032,decline
34,C032,decline
35,C032,decline
36,C032,accept
1,C033,accept
2,C033,accept
3,C033,accept
4,C033,accept
5,C033,accept
6,C033,accept
7,C033,accept
8,C033,accept
9,C033,no_response
10,C033,decline
11,C033,decline
12,C033,no_response
13,C033,accept
14,C033,accept
15,C033,accept
16,C033,accept
17,C033,accept
18,C033,decline
19,C033,accept
20,C033,no_response
21,C033,accept
22,C033,accept
23,C033,decline
24,C033,accept
25,C033,decline
26,C033,accept
27,C033,decline
28,C033,no_response
29,C033,decline
30,C033,accept
31,C033,accept
32,C033,no_response
33,C033,no_response
34,C033,decline
35,C033,accept
36,C033,decline
1,C034,accept
2,C034,accept
3,C034,decline
4,C034,accept
5,C034,accept
6,C034,decline
7,C034,decline
8,C034,accept
9,C034,accept
10,C034,accept
11,C034,accept
12,C034,no_response
13,C034,decline
14,C034,decline
15,C034,no_response
16,C034,accept
17,C034,accept
18,C034,decline
19,C034,decline
20,C034,decline
21,C034,accept
22,C034,accept
23,C034,decline
24,C034,accept
25,C034,decline
26,C034,accept
27,C034,decline
28,C034,no_response
29,C034,no_response
30,C034,decline
31,C034,accept
32,C034,no_response
33,C034,decline
34,C034,decline
35,C034,accept
36,C034,decline
1,C035,accept
2,C035,accept
3,C035,accept
4,C035,accept
5,C035,accept
6,C035,decline
7,C035,accept
8,C035,accept
9,C035,decline
10,C035,accept
11,C035,accept
12,C035,accept
13,C035,accept
14,C035,accept
15,C035,no_response
16,C035,no_response
17,C035,accept
18,C035,accept
19,C035,decline
20,C035,accept
21,C035,no_response
22,C035,accept
23,C035,accept
24,C035,accept
25,C035,accept
26,C035,accept
27,C035,decline
28,C035,decline
29,C035,accept
30,C035,accept
31,C035,accept
32,C035,decline
33,C035,decline
34,C035,no_response
35,C035,accept
36,C035,accept
1,C036,accept
2,C036,no_response
3,C036,decline
4,C036,no_response
5,C036,accept
6,C036,decline
7,C036,decline
8,C036,decline
9,C036,decline
10,C036,no_response
11,C036,accept
12,C036,no_response
13,C036,decline
14,C036,accept
15,C036,no_response
16,C036,no_response
17,C036,no_response
18,C036,accept
19,C036,decline
20,C036,decline
21,C036,decline
22,C036,decline
23,C036,decline
24,C036,accept
25,C036,no_response
26,C036,accept
27,C036,accept
28,C036,decline
29,C036,decline
30,C036,decline
31,C036,decline
32,C036,no_response
33,C036,accept
34,C036,decline
35,C036,decline
36,C036,no_response
1,C037,decline
2,C037,accept
3,C037,accept
4,C037,accept
5,C037,no_response
6,C037,accept
7,C037,accept
8,C037,accept
9,C037,accept
10,C037,accept
11,C037,accept
12,C037,accept
13,C037,decline
14,C037,accept
15,C037,decline
16,C037,accept
17,C037,accept
18,C037,accept
19,C037,accept
20,C037,accept
21,C037,accept
22,C037,accept
23,C037,accept
24,C037,no_response
25,C037,decline
26,C037,accept
27,C037,no_response
28,C037,accept
29,C037,decline
30,C037,decline
31,C037,accept
32,C037,accept
33,C037,no_response
34,C037,accept
35,C037,accept
36,C037,no_response
1,C038,accept
2,C038,no_response
3,C038,accept
4,C038,no_response
5,C038,decline
6,C038,accept
7,C038,decline
8,C038,decline
9,C038,decline
10,C038,decline
11,C038,accept
12,C038,accept
13,C038,decline
14,C038,decline
15,C038,decline
16,C038,accept
17,C038,accept
18,C038,accept
19,C038,decline
20,C038,decline
21,C038,decline
22,C038,no_response
23,C038,accept
24,C038,decline
25,C038,decline
26,C038,decline
27,C038,decline
28,C038,decline
29,C038,accept
30,C038,no_response
31,C038,decline
32,C038,decline
33,C038,no_response
34,C038,accept
35,C038,no_response
36,C038,decline
1,C039,accept
2,C039,decline
3,C039,accept
4,C039,accept
5,C039,decline
6,C039,accept
7,C039,decline
8,C039,accept
9,C039,accept
10,C039,decline
11,C039,accept
12,C039,accept
13,C039,accept
14,C039,accept
15,C039,decline
16,C039,accept
17,C039,accept
18,C039,accept
19,C039,accept
20,C039,accept
21,C039,accept
22,C039,accept
23,C039,accept
24,C039,accept
25,C039,no_response
26,C039,accept
27,C039,accept
28,C039,decline
29,C039,accept
30,C039,decline
31,C039,no_response
32,C039,accept
33,C039,accept
34,C039,accept
35,C039,accept
36,C039,no_response
1,C040,accept
2,C040,accept
3,C040,no_response
4,C040,no_response
5,C040,accept
6,C040,accept
7,C040,accept
8,C040,decline
9,C040,decline
10,C040,accept
11,C040,decline
12,C040,no_response
13,C040,accept
14,C040,accept
15,C040,accept
16,C040,accept
17,C040,decline
18,C040,no_response
19,C040,decline
20,C040,accept
21,C040,decline
22,C040,decline
23,C040,no_response
24,C040,accept
25,C040,no_response
26,C040,decline
27,C040,no_response
28,C040,accept
29,C040,decline
30,C040,decline
31,C040,decline
32,C040,accept
33,C040,decline
34,C040,no_response
35,C040,decline
36,C040,accept
1,C041,accept
2,C041,accept
3,C041,accept
4,C041,accept
5,C041,decline
6,C041,decline
7,C041,decline
8,C041,accept
9,C041,accept
10,C041,decline
11,C041,accept
12,C041,decline
13,C041,decline
14,C041,accept
15,C041,accept
16,C041,accept
17,C041,accept
18,C041,no_response
19,C041,accept
20,C041,accept
21,C041,decline
22,C041,decline
23,C041,decline
24,C041,accept
25,C041,decline
26,C041,accept
27,C041,no_response
28,C041,accept
29,C041,decline
30,C041,decline
31,C041,accept
32,C041,decline
33,C041,no_response
34,C041,accept
35,C041,decline
36,C041,accept
1,C042,accept
2,C042,decline
3,C042,accept
4,C042,accept
5,C042,accept
6,C042,decline
7,C042,accept
8,C042,decline
9,C042,decline
10,C042,accept
11,C042,accept
12,C042,no_response
13,C042,accept
14,C042,accept
15,C042,accept
16,C042,decline
17,C042,no_response
18,C042,decline
19,C042,accept
20,C042,decline
21,C042,decline
22,C042,accept
23,C042,decline
24,C042,accept
25,C042,decline
26,C042,accept
27,C042,accept
28,C042,accept
29,C042,decline
30,C042,accept
31,C042,no_response
32,C042,decline
33,C042,no_response
34,C042,decline
35,C042,accept
36,C042,no_response
1,C043,accept
2,C043,no_response
3,C043,decline
4,C043,no_response
5,C043,no_response
6,C043,accept
7,C043,no_response
8,C043,accept
9,C043,accept
10,C043,accept
11,C043,accept
12,C043,accept
13,C043,accept
14,C043,decline
15,C043,accept
16,C043,accept
17,C043,no_response
18,C043,decline
19,C043,no_response
20,C043,decline
21,C043,accept
22,C043,decline
23,C043,accept
24,C043,decline
25,C043,decline
26,C043,accept
27,C043,accept
28,C043,no_response
29,C043,decline
30,C043,decline
31,C043,no_response
32,C043,decline
33,C043,decline
34,C043,decline
35,C043,decline
36,C043,no_response
1,C044,accept
2,C044,accept
3,C044,decline
4,C044,accept
5,C044,accept
6,C044,accept
7,C044,accept
8,C044,decline
9,C044,accept
10,C044,accept
11,C044,accept
12,C044,decline
13,C044,accept
14,C044,accept
15,C044,accept
16,C044,accept
17,C044,accept
18,C044,accept
19,C044,decline
20,C044,accept
21,C044,accept
22,C044,accept
23,C044,no_response
24,C044,accept
25,C044,accept
26,C044,accept
27,C044,accept
28,C044,decline
29,C044,accept
30,C044,accept
31,C044,accept
32,C044,accept
33,C044,no_response
34,C044,accept
35,C044,decline
36,C044,accept
1,C045,accept
2,C045,accept
3,C045,accept
4,C045,accept
5,C045,accept
6,C045,accept
7,C045,accept
8,C045,accept
9,C045,accept
10,C045,accept
11,C045,decline
12,C045,accept
13,C045,accept
14,C045,accept
15,C045,accept
16,C045,accept
17,C045,accept
18,C045,accept
19,C045,accept
20,C045,accept
21,C045,accept
22,C045,accept
23,C045,decline
24,C045,accept
25,C045,accept
26,C045,no_response
27,C045,decline
28,C045,accept
29,C045,accept
30,C045,accept
31,C045,accept
32,C045,decline
33,C045,accept
34,C045,decline
35,C045,no_response
36,C045,no_response
1,C046,accept
2,C046,accept
3,C046,no_response
4,C046,accept
5,C046,no_response
6,C046,accept
7,C046,accept
8,C046,decline
9,C046,accept
10,C046,accept
11,C046,no_response
12,C046,accept
13,C046,accept
14,C046,accept
15,C046,accept
16,C046,accept
17,C046,accept
18,C046,accept
19,C046,no_response
20,C046,no_response
21,C046,decline
22,C046,accept
23,C046,no_response
24,C046,accept
25,C046,decline
26,C046,accept
27,C046,accept
28,C046,accept
29,C046,decline
30,C046,no_response
31,C046,no_response
32,C046,no_response
33,C046,no_response
34,C046,decline
35,C046,decline
36,C046,decline
1,C047,accept
2,C047,decline
3,C047,accept
4,C047,accept
5,C047,accept
6,C047,accept
7,C047,decline
8,C047,accept
9,C047,accept
10,C047,accept
11,C047,decline
12,C047,accept
13,C047,decline
14,C047,accept
15,C047,no_response
16,C047,accept
17,C047,decline
18,C047,accept
19,C047,accept
20,C047,accept
21,C047,decline
22,C047,no_response
23,C047,decline
24,C047,accept
25,C047,accept
26,C047,decline
27,C047,accept
28,C047,accept
29,C047,accept
30,C047,accept
31,C047,no_response
32,C047,accept
33,C047,decline
34,C047,no_response
35,C047,decline
36,C047,accept
1,C048,accept
2,C048,accept
3,C048,accept
4,C048,accept
5,C048,accept
6,C048,accept
7,C048,accept
8,C048,accept
9,C048,accept
10,C048,decline
11,C048,accept
12,C048,accept
13,C048,decline
14,C048,accept
15,C048,decline
16,C048,accept
17,C048,accept
18,C048,accept
19,C048,accept
20,C048,accept
21,C048,accept
22,C048,no_response
23,C048,decline
24,C048,accept
25,C048,decline
26,C048,accept
27,C048,no_response
28,C048,accept
29,C048,accept
30,C048,accept
31,C048,accept
32,C048,accept
33,C048,accept
34,C048,accept
35,C048,accept
36,C048,no_response
1,C049,accept
2,C049,accept
3,C049,accept
4,C049,accept
5,C049,accept
6,C049,accept
7,C049,decline
8,C049,accept
9,C049,accept
10,C049,accept
11,C049,accept
12,C049,no_response
13,C049,decline
14,C049,accept
15,C049,accept
16,C049,no_response
17,C049,accept
18,C049,decline
19,C049,accept
20,C049,accept
21,C049,accept
22,C049,accept
23,C049,no_response
24,C049,accept
25,C049,accept
26,C049,accept
27,C049,accept
28,C049,decline
29,C049,accept
30,C049,no_response
31,C049,accept
32,C049,decline
33,C049,decline
34,C049,accept
35,C049,accept
36,C049,accept
1,C050,decline
2,C050,accept
3,C050,accept
4,C050,accept
5,C050,accept
6,C050,accept
7,C050,decline
8,C050,accept
9,C050,decline
10,C050,no_response
11,C050,accept
12,C050,decline
13,C050,accept
14,C050,decline
15,C050,accept
16,C050,accept
17,C050,accept
18,C050,accept
19,C050,accept
20,C050,decline
21,C050,accept
22,C050,accept
23,C050,decline
24,C050,accept
25,C050,decline
26,C050,accept
27,C050,accept
28,C050,accept
29,C050,decline
30,C050,decline
31,C050,accept
32,C050,accept
33,C050,accept
34,C050,decline
35,C050,no_response
36,C050,no_response
