event_id,client_id,response,complied,true_baseline_kwh,actual_kwh
1,C001,decline,False,3.988,3.988
2,C001,accept,True,1.839,1.655
3,C001,accept,True,0.883,0.866
4,C001,accept,False,5.309,5.309
5,C001,accept,True,1.726,1.726
6,C001,decline,False,5.699,5.699
7,C001,accept,True,4.729,4.729
8,C001,accept,True,1.239,0.933
9,C001,accept,True,4.425,4.311
10,C001,no_response,False,4.048,4.048
11,C001,accept,True,4.113,3.966
12,C001,decline,False,3.79,3.79
13,C001,no_response,False,3.519,3.519
14,C001,accept,True,4.123,4.123
15,C001,no_response,False,1.379,1.379
16,C001,accept,True,5.625,5.328
17,C001,decline,False,4.759,4.759
18,C001,accept,False,1.087,1.087
19,C001,no_response,False,0.898,0.898
20,C001,decline,False,0.766,0.766
21,C001,decline,False,3.797,3.797
22,C001,decline,False,2.791,2.791
23,C001,no_response,False,3.412,3.412
24,C001,no_response,False,4.469,4.469
25,C001,decline,False,4.013,4.013
26,C001,accept,False,3.822,3.822
27,C001,decline,False,3.659,3.659
28,C001,accept,True,2.449,1.609
29,C001,no_response,False,1.108,1.108
30,C001,decline,False,3.308,3.308
31,C001,accept,True,2.523,1.984
32,C001,decline,False,0.238,0.238
33,C001,decline,False,0.274,0.274
34,C001,no_response,False,0.237,0.237
35,C001,decline,False,0.276,0.276
36,C001,no_response,False,3.395,3.395
1,C002,decline,False,4.112,4.112
2,C002,decline,False,3.731,3.731
3,C002,decline,False,7.544,7.544
4,C002,accept,False,3.481,3.481
5,C002,no_response,False,5.266,5.266
6,C002,decline,False,2.42,2.42
7,C002,no_response,False,1.715,1.715
8,C002,decline,False,1.211,1.211
9,C002,accept,False,2.708,2.708
10,C002,decline,False,5.307,5.307
11,C002,accept,True,3.537,3.76
12,C002,accept,True,4.755,3.884
13,C002,no_response,False,3.36,3.36
14,C002,decline,False,6.292,6.292
15,C002,decline,False,3.693,3.693
16,C002,accept,True,6.191,5.443
17,C002,accept,False,4.343,4.343
18,C002,no_response,False,4.311,4.311
19,C002,decline,False,3.815,3.815
20,C002,decline,False,1.765,1.765
21,C002,decline,False,5.752,5.752
22,C002,decline,False,3.331,3.331
23,C002,no_response,False,4.664,4.664
24,C002,decline,False,5.477,5.477
25,C002,no_response,False,4.654,4.654
26,C002,decline,False,3.832,3.832
27,C002,decline,False,4.373,4.373
28,C002,decline,False,2.938,2.938
29,C002,accept,True,6.415,3.766
30,C002,accept,True,5.389,3.057
31,C002,no_response,False,5.292,5.292
32,C002,decline,False,6.868,6.868
33,C002,decline,False,4.779,4.779
34,C002,decline,False,6.354,6.354
35,C002,decline,False,3.82,3.82
36,C002,no_response,False,4.88,4.88
1,C003,accept,True,3.046,1.175
2,C003,accept,False,6.158,6.158
3,C003,decline,False,4.019,4.019
4,C003,accept,True,1.522,1.348
5,C003,accept,False,0.129,0.129
6,C003,accept,True,4.961,3.932
7,C003,accept,True,5.684,5.04
8,C003,decline,False,7.252,7.252
9,C003,accept,False,5.248,5.248
10,C003,accept,True,6.469,5.341
11,C003,accept,True,3.807,3.771
12,C003,decline,False,3.185,3.185
13,C003,decline,False,2.732,2.732
14,C003,accept,False,2.204,2.204
15,C003,accept,True,2.193,2.193
16,C003,decline,False,3.931,3.931
17,C003,accept,True,5.015,3.83
18,C003,accept,True,1.958,0.862
19,C003,decline,False,5.524,5.524
20,C003,accept,True,5.185,3.724
21,C003,no_response,False,5.28,5.28
22,C003,accept,True,5.304,3.86
23,C003,decline,False,3.398,3.398
24,C003,decline,False,3.697,3.697
25,C003,no_response,False,3.935,3.935
26,C003,no_response,False,4.509,4.509
27,C003,accept,True,2.953,2.295
28,C003,accept,True,3.128,2.058
29,C003,accept,True,1.301,0.206
30,C003,decline,False,2.359,2.359
31,C003,accept,True,0.212,0.212
32,C003,decline,False,4.926,4.926
33,C003,accept,True,5.469,3.724
34,C003,decline,False,4.236,4.236
35,C003,no_response,False,4.158,4.158
36,C003,decline,False,5.209,5.209
1,C004,no_response,False,6.16,6.16
2,C004,accept,False,1.164,1.164
3,C004,accept,True,4.963,4.963
4,C004,decline,False,1.03,1.03
5,C004,decline,False,1.06,1.06
6,C004,decline,False,2.175,2.175
7,C004,accept,True,5.552,5.552
8,C004,no_response,False,1.812,1.812
9,C004,accept,True,3.924,3.927
10,C004,decline,False,4.549,4.549
11,C004,accept,True,3.408,3.738
12,C004,accept,True,5.263,5.263
13,C004,no_response,False,2.875,2.875
14,C004,accept,True,5.417,5.417
15,C004,no_response,False,3.154,3.154
16,C004,no_response,False,4.766,4.766
17,C004,accept,True,6.375,6.408
18,C004,accept,True,0.691,0.691
19,C004,accept,True,1.792,1.853
20,C004,accept,True,0.829,0.829
21,C004,accept,True,3.948,3.964
22,C004,accept,True,2.385,2.43
23,C004,accept,True,2.331,1.681
24,C004,no_response,False,5.57,5.57
25,C004,no_response,False,3.918,3.918
26,C004,decline,False,4.304,4.304
27,C004,decline,False,2.921,2.921
28,C004,no_response,False,2.579,2.579
29,C004,decline,False,3.305,3.305
30,C004,decline,False,2.963,2.963
31,C004,accept,True,2.384,1.709
32,C004,no_response,False,0.239,0.239
33,C004,decline,False,0.267,0.267
34,C004,decline,False,0.237,0.237
35,C004,decline,False,0.242,0.242
36,C004,decline,False,0.218,0.218
1,C005,no_response,False,4.617,4.617
2,C005,no_response,False,2.279,2.279
3,C005,accept,True,5.512,5.078
4,C005,accept,True,2.445,2.445
5,C005,accept,True,4.356,3.078
6,C005,accept,True,6.918,5.635
7,C005,no_response,False,8.132,8.132
8,C005,decline,False,2.337,2.337
9,C005,accept,True,3.12,2.584
10,C005,decline,False,5.559,5.559
11,C005,no_response,False,0.936,0.936
12,C005,accept,False,4.459,4.459
13,C005,decline,False,1.651,1.651
14,C005,accept,True,4.625,4.24
15,C005,accept,True,3.375,3.382
16,C005,accept,True,2.912,1.706
17,C005,accept,True,4.948,4.593
18,C005,no_response,False,2.749,2.749
19,C005,accept,True,2.565,1.169
20,C005,no_response,False,6.463,6.463
21,C005,decline,False,5.806,5.806
22,C005,accept,True,2.565,0.919
23,C005,accept,True,2.644,1.424
24,C005,decline,False,3.234,3.234
25,C005,decline,False,4.496,4.496
26,C005,no_response,False,4.697,4.697
27,C005,decline,False,4.655,4.655
28,C005,accept,True,3.982,2.132
29,C005,decline,False,3.856,3.856
30,C005,decline,False,4.991,4.991
31,C005,accept,True,3.105,2.101
32,C005,decline,False,4.386,4.386
33,C005,decline,False,4.019,4.019
34,C005,decline,False,6.168,6.168
35,C005,no_response,False,2.475,2.475
36,C005,no_response,False,5.749,5.749
1,C006,no_response,False,2.807,2.807
2,C006,decline,False,3.716,3.716
3,C006,decline,False,2.754,2.754
4,C006,no_response,False,0.565,0.565
5,C006,no_response,False,0.714,0.714
6,C006,no_response,False,2.923,2.923
7,C006,decline,False,1.295,1.295
8,C006,decline,False,0.909,0.909
9,C006,decline,False,0.98,0.98
10,C006,accept,True,2.211,1.985
11,C006,decline,False,0.638,0.638
12,C006,accept,True,0.925,0.701
13,C006,decline,False,0.504,0.504
14,C006,accept,False,1.272,1.272
15,C006,accept,True,0.732,0.732
16,C006,decline,False,2.204,2.204
17,C006,accept,True,2.47,0.828
18,C006,accept,True,2.704,1.958
19,C006,no_response,False,2.907,2.907
20,C006,decline,False,2.479,2.479
21,C006,no_response,False,1.01,1.01
22,C006,no_response,False,2.72,2.72
23,C006,accept,True,0.909,0.662
24,C006,no_response,False,0.972,0.972
25,C006,decline,False,1.743,1.743
26,C006,decline,False,1.145,1.145
27,C006,no_response,False,2.594,2.594
28,C006,accept,True,2.253,0.819
29,C006,decline,False,0.96,0.96
30,C006,no_response,False,1.478,1.478
31,C006,decline,False,1.549,1.549
32,C006,no_response,False,0.489,0.489
33,C006,no_response,False,1.455,1.455
34,C006,no_response,False,2.523,2.523
35,C006,decline,False,2.254,2.254
36,C006,decline,False,1.124,1.124
1,C007,no_response,False,2.526,2.526
2,C007,accept,True,6.096,4.917
3,C007,accept,True,6.354,4.23
4,C007,accept,True,2.308,0.517
5,C007,no_response,False,5.488,5.488
6,C007,decline,False,2.003,2.003
7,C007,decline,False,4.205,4.205
8,C007,accept,False,2.492,2.492
9,C007,decline,False,2.407,2.407
10,C007,decline,False,3.097,3.097
11,C007,decline,False,1.675,1.675
12,C007,accept,True,2.639,1.149
13,C007,no_response,False,0.383,0.383
14,C007,decline,False,4.666,4.666
15,C007,accept,True,4.904,4.024
16,C007,accept,False,5.394,5.394
17,C007,accept,True,8.206,6.405
18,C007,decline,False,2.427,2.427
19,C007,accept,True,5.899,3.968
20,C007,accept,True,5.332,3.756
21,C007,accept,True,4.415,3.778
22,C007,decline,False,1.976,1.976
23,C007,accept,True,2.078,1.428
24,C007,decline,False,5.05,5.05
25,C007,no_response,False,4.582,4.582
26,C007,accept,True,4.913,3.591
27,C007,decline,False,4.631,4.631
28,C007,no_response,False,2.03,2.03
29,C007,no_response,False,5.462,5.462
30,C007,accept,True,2.703,1.592
31,C007,no_response,False,4.584,4.584
32,C007,decline,False,5.025,5.025
33,C007,decline,False,5.651,5.651
34,C007,accept,True,6.202,3.955
35,C007,no_response,False,3.757,3.757
36,C007,decline,False,4.655,4.655
1,C008,accept,True,4.633,3.825
2,C008,accept,True,6.698,5.11
3,C008,accept,True,1.108,0.963
4,C008,accept,True,3.398,3.398
5,C008,decline,False,6.221,6.221
6,C008,decline,False,2.72,2.72
7,C008,accept,False,4.949,4.949
8,C008,accept,False,4.95,4.95
9,C008,decline,False,0.849,0.849
10,C008,accept,True,5.064,3.813
11,C008,accept,True,3.422,3.548
12,C008,accept,True,5.623,4.971
13,C008,accept,False,2.802,2.802
14,C008,decline,False,0.169,0.169
15,C008,accept,True,0.547,0.547
16,C008,accept,True,3.94,4.241
17,C008,accept,True,5.584,4.549
18,C008,accept,True,3.017,2.816
19,C008,accept,True,2.136,0.783
20,C008,accept,True,1.003,0.719
21,C008,accept,True,5.38,3.882
22,C008,decline,False,1.063,1.063
23,C008,no_response,False,2.799,2.799
24,C008,decline,False,2.899,2.899
25,C008,decline,False,4.023,4.023
26,C008,no_response,False,3.841,3.841
27,C008,accept,False,2.796,2.796
28,C008,accept,True,3.452,2.422
29,C008,no_response,False,3.699,3.699
30,C008,accept,False,4.471,4.471
31,C008,no_response,False,2.408,2.408
32,C008,accept,True,4.12,3.61
33,C008,accept,True,4.753,3.676
34,C008,accept,True,1.087,0.767
35,C008,no_response,False,3.727,3.727
36,C008,no_response,False,3.852,3.852
1,C009,no_response,False,2.948,2.948
2,C009,accept,True,4.456,3.971
3,C009,accept,True,2.874,1.359
4,C009,decline,False,0.475,0.475
5,C009,no_response,False,4.399,4.399
6,C009,decline,False,1.982,1.982
7,C009,decline,False,2.42,2.42
8,C009,no_response,False,1.786,1.786
9,C009,accept,True,4.722,2.774
10,C009,no_response,False,6.42,6.42
11,C009,accept,True,0.773,0.773
12,C009,accept,True,0.596,0.596
13,C009,no_response,False,1.096,1.096
14,C009,accept,True,2.53,1.207
15,C009,accept,False,3.208,3.208
16,C009,accept,False,5.125,5.125
17,C009,decline,False,3.114,3.114
18,C009,no_response,False,5.545,5.545
19,C009,accept,True,3.48,0.836
20,C009,no_response,False,4.754,4.754
21,C009,no_response,False,3.851,3.851
22,C009,accept,True,4.272,3.923
23,C009,accept,True,2.346,1.336
24,C009,decline,False,3.031,3.031
25,C009,decline,False,5.96,5.96
26,C009,no_response,False,4.254,4.254
27,C009,decline,False,3.042,3.042
28,C009,decline,False,0.531,0.531
29,C009,accept,True,4.58,3.358
30,C009,no_response,False,6.182,6.182
31,C009,decline,False,3.32,3.32
32,C009,decline,False,0.209,0.209
33,C009,decline,False,0.463,0.463
34,C009,no_response,False,3.297,3.297
35,C009,decline,False,0.444,0.444
36,C009,no_response,False,0.216,0.216
1,C010,accept,True,4.375,2.158
2,C010,accept,True,1.537,1.087
3,C010,decline,False,4.288,4.288
4,C010,accept,True,2.528,2.528
5,C010,accept,True,2.983,2.983
6,C010,accept,True,6.363,6.245
7,C010,accept,True,1.516,1.129
8,C010,decline,False,0.999,0.999
9,C010,accept,True,4.078,3.947
10,C010,accept,False,1.957,1.957
11,C010,accept,True,2.382,2.439
12,C010,no_response,False,4.409,4.409
13,C010,accept,True,3.987,3.987
14,C010,accept,True,1.791,1.517
15,C010,accept,True,3.195,3.195
16,C010,accept,True,1.542,0.981
17,C010,decline,False,5.437,5.437
18,C010,accept,True,6.584,6.405
19,C010,decline,False,1.182,1.182
20,C010,accept,True,2.641,0.921
21,C010,accept,True,4.688,3.744
22,C010,accept,True,1.266,0.81
23,C010,accept,True,3.635,1.964
24,C010,accept,True,3.5,1.883
25,C010,accept,True,1.191,0.974
26,C010,accept,True,3.95,3.513
27,C010,accept,True,3.457,2.039
28,C010,accept,True,3.303,1.969
29,C010,no_response,False,4.059,4.059
30,C010,accept,True,1.113,0.908
31,C010,decline,False,2.776,2.776
32,C010,decline,False,0.26,0.26
33,C010,no_response,False,0.227,0.227
34,C010,accept,True,0.235,0.235
35,C010,decline,False,0.243,0.243
36,C010,no_response,False,0.415,0.415
1,C011,accept,True,4.553,2.642
2,C011,accept,True,4.691,3.558
3,C011,no_response,False,1.57,1.57
4,C011,no_response,False,0.611,0.611
5,C011,accept,False,5.017,5.017
6,C011,no_response,False,4.304,4.304
7,C011,decline,False,5.323,5.323
8,C011,accept,True,3.973,2.818
9,C011,accept,True,4.27,3.79
10,C011,no_response,False,4.053,4.053
11,C011,accept,False,0.956,0.956
12,C011,decline,False,4.174,4.174
13,C011,decline,False,0.333,0.333
14,C011,accept,True,3.151,2.929
15,C011,accept,False,2.002,2.002
16,C011,accept,True,0.987,0.701
17,C011,accept,False,1.769,1.769
18,C011,accept,True,4.394,3.963
19,C011,accept,True,5.267,3.863
20,C011,decline,False,5.28,5.28
21,C011,accept,True,4.001,4.007
22,C011,accept,True,2.336,0.99
23,C011,accept,True,3.227,2.527
24,C011,decline,False,4.219,4.219
25,C011,decline,False,4.017,4.017
26,C011,decline,False,5.803,5.803
27,C011,accept,True,3.331,2.638
28,C011,no_response,False,1.714,1.714
29,C011,no_response,False,0.155,0.155
30,C011,accept,True,0.456,0.197
31,C011,accept,True,3.287,2.142
32,C011,no_response,False,5.29,5.29
33,C011,decline,False,5.111,5.111
34,C011,no_response,False,5.407,5.407
35,C011,decline,False,3.838,3.838
36,C011,decline,False,2.881,2.881
1,C012,decline,False,2.429,2.429
2,C012,no_response,False,3.646,3.646
3,C012,accept,True,1.409,0.824
4,C012,decline,False,2.076,2.076
5,C012,accept,True,3.317,3.317
6,C012,accept,True,2.073,2.073
7,C012,no_response,False,3.308,3.308
8,C012,accept,True,2.469,1.311
9,C012,accept,True,1.216,0.983
10,C012,accept,True,4.73,2.395
11,C012,accept,True,1.511,1.227
12,C012,no_response,False,2.202,2.202
13,C012,decline,False,1.512,1.512
14,C012,no_response,False,3.801,3.801
15,C012,no_response,False,0.786,0.786
16,C012,accept,True,0.675,0.675
17,C012,accept,True,1.15,0.87
18,C012,accept,True,2.703,2.703
19,C012,accept,True,2.152,0.748
20,C012,accept,True,1.163,0.725
21,C012,accept,True,2.429,0.792
22,C012,accept,True,1.425,0.77
23,C012,decline,False,0.982,0.982
24,C012,no_response,False,1.081,1.081
25,C012,decline,False,0.574,0.574
26,C012,accept,True,0.791,0.791
27,C012,decline,False,2.767,2.767
28,C012,accept,True,0.515,0.515
29,C012,no_response,False,1.854,1.854
30,C012,no_response,False,2.855,2.855
31,C012,no_response,False,2.415,2.415
32,C012,decline,False,1.353,1.353
33,C012,accept,True,0.82,0.82
34,C012,decline,False,1.04,1.04
35,C012,decline,False,0.785,0.785
36,C012,no_response,False,2.117,2.117
1,C013,accept,True,1.457,0.746
2,C013,no_response,False,2.799,2.799
3,C013,decline,False,1.167,1.167
4,C013,accept,True,0.171,0.171
5,C013,accept,True,2.146,2.146
6,C013,accept,True,2.817,2.571
7,C013,accept,True,0.164,0.144
8,C013,accept,True,2.172,1.503
9,C013,accept,True,4.721,3.741
10,C013,no_response,False,3.171,3.171
11,C013,no_response,False,3.208,3.208
12,C013,accept,True,8.238,6.195
13,C013,accept,True,3.89,3.62
14,C013,accept,True,4.339,3.81
15,C013,accept,True,2.708,2.708
16,C013,accept,True,4.412,4.225
17,C013,accept,True,3.807,2.36
18,C013,accept,True,3.775,3.211
19,C013,accept,True,2.77,0.793
20,C013,no_response,False,1.947,1.947
21,C013,accept,True,5.097,3.651
22,C013,accept,True,2.132,0.678
23,C013,decline,False,3.903,3.903
24,C013,decline,False,3.427,3.427
25,C013,accept,True,5.076,3.934
26,C013,decline,False,1.982,1.982
27,C013,accept,True,4.663,2.527
28,C013,accept,True,3.811,2.078
29,C013,accept,True,4.903,2.983
30,C013,decline,False,5.08,5.08
31,C013,decline,False,3.687,3.687
32,C013,decline,False,4.185,4.185
33,C013,decline,False,0.726,0.726
34,C013,decline,False,6.147,6.147
35,C013,decline,False,5.72,5.72
36,C013,decline,False,3.299,3.299
1,C014,accept,True,3.894,3.894
2,C014,accept,True,3.981,3.987
3,C014,accept,False,4.263,4.263
4,C014,decline,False,2.747,2.747
5,C014,decline,False,3.836,3.836
6,C014,accept,True,6.382,6.382
7,C014,accept,False,6.006,6.006
8,C014,decline,False,2.58,2.58
9,C014,decline,False,3.918,3.918
10,C014,decline,False,1.088,1.088
11,C014,accept,True,3.123,3.332
12,C014,accept,True,4.006,4.006
13,C014,accept,True,0.579,0.579
14,C014,accept,True,3.981,3.981
15,C014,accept,True,3.662,3.663
16,C014,no_response,False,3.416,3.416
17,C014,accept,True,4.953,4.953
18,C014,no_response,False,0.739,0.739
19,C014,accept,True,3.613,3.79
20,C014,decline,False,3.655,3.655
21,C014,no_response,False,0.748,0.748
22,C014,no_response,False,1.942,1.942
23,C014,decline,False,2.456,2.456
24,C014,accept,True,1.709,1.709
25,C014,no_response,False,4.853,4.853
26,C014,no_response,False,3.637,3.637
27,C014,accept,True,0.967,0.967
28,C014,accept,True,2.52,1.964
29,C014,decline,False,0.981,0.981
30,C014,decline,False,3.365,3.365
31,C014,accept,True,2.468,1.862
32,C014,decline,False,0.824,0.824
33,C014,decline,False,3.812,3.812
34,C014,no_response,False,3.4,3.4
35,C014,accept,True,4.86,4.642
36,C014,no_response,False,2.956,2.956
1,C015,decline,False,5.169,5.169
2,C015,accept,True,3.594,1.661
3,C015,decline,False,8.779,8.779
4,C015,accept,False,4.077,4.077
5,C015,no_response,False,1.682,1.682
6,C015,accept,True,7.258,3.936
7,C015,accept,False,6.436,6.436
8,C015,no_response,False,6.945,6.945
9,C015,accept,False,7.109,7.109
10,C015,no_response,False,2.49,2.49
11,C015,accept,True,1.077,1.077
12,C015,accept,True,4.218,3.358
13,C015,decline,False,0.564,0.564
14,C015,accept,True,7.134,5.288
15,C015,decline,False,4.026,4.026
16,C015,accept,True,7.731,5.47
17,C015,accept,True,2.663,0.716
18,C015,decline,False,3.511,3.511
19,C015,decline,False,6.051,6.051
20,C015,accept,False,4.455,4.455
21,C015,no_response,False,4.883,4.883
22,C015,accept,True,5.624,3.792
23,C015,accept,True,4.614,2.34
24,C015,decline,False,3.845,3.845
25,C015,decline,False,2.258,2.258
26,C015,accept,True,5.538,3.736
27,C015,decline,False,4.643,4.643
28,C015,accept,False,4.588,4.588
29,C015,decline,False,7.413,7.413
30,C015,no_response,False,6.633,6.633
31,C015,decline,False,5.887,5.887
32,C015,decline,False,0.179,0.179
33,C015,no_response,False,0.183,0.183
34,C015,decline,False,6.76,6.76
35,C015,decline,False,3.863,3.863
36,C015,decline,False,4.513,4.513
1,C016,accept,True,7.128,4.382
2,C016,no_response,False,8.759,8.759
3,C016,accept,False,7.815,7.815
4,C016,accept,True,2.414,2.412
5,C016,accept,False,3.574,3.574
6,C016,accept,True,8.056,6.108
7,C016,accept,True,5.21,3.741
8,C016,decline,False,1.79,1.79
9,C016,no_response,False,6.578,6.578
10,C016,decline,False,3.044,3.044
11,C016,decline,False,3.673,3.673
12,C016,accept,False,4.819,4.819
13,C016,accept,True,0.942,0.693
14,C016,accept,True,1.739,1.739
15,C016,accept,False,4.711,4.711
16,C016,accept,True,2.619,1.281
17,C016,accept,True,10.222,7.426
18,C016,accept,True,1.544,0.741
19,C016,decline,False,2.264,2.264
20,C016,accept,True,3.736,0.701
21,C016,accept,True,4.37,3.809
22,C016,accept,True,3.055,0.726
23,C016,no_response,False,3.713,3.713
24,C016,accept,False,5.122,5.122
25,C016,accept,True,5.881,3.856
26,C016,accept,True,6.606,5.101
27,C016,decline,False,6.19,6.19
28,C016,accept,True,4.919,2.217
29,C016,accept,True,6.291,3.666
30,C016,accept,True,6.627,3.495
31,C016,accept,True,5.27,1.725
32,C016,decline,False,6.204,6.204
33,C016,accept,True,6.839,3.866
34,C016,accept,False,6.392,6.392
35,C016,no_response,False,3.988,3.988
36,C016,accept,True,6.287,3.178
1,C017,accept,True,4.142,4.142
2,C017,accept,False,0.852,0.852
3,C017,no_response,False,3.94,3.94
4,C017,decline,False,2.329,2.329
5,C017,accept,True,6.314,6.314
6,C017,accept,False,4.022,4.022
7,C017,decline,False,1.328,1.328
8,C017,accept,True,0.687,0.687
9,C017,accept,True,3.663,3.744
10,C017,accept,False,5.008,5.008
11,C017,accept,False,3.798,3.798
12,C017,accept,True,2.096,2.096
13,C017,decline,False,2.217,2.217
14,C017,accept,True,3.905,3.905
15,C017,accept,True,0.749,0.749
16,C017,accept,True,3.945,4.066
17,C017,accept,True,3.882,3.924
18,C017,accept,True,0.724,0.724
19,C017,decline,False,3.654,3.654
20,C017,accept,True,3.687,4.074
21,C017,decline,False,0.894,0.894
22,C017,accept,True,0.669,0.669
23,C017,accept,True,3.695,2.963
24,C017,accept,True,2.772,2.31
25,C017,accept,False,1.347,1.347
26,C017,accept,True,3.581,3.134
27,C017,accept,True,3.455,2.993
28,C017,decline,False,2.506,2.506
29,C017,decline,False,3.769,3.769
30,C017,no_response,False,3.071,3.071
31,C017,accept,True,2.287,1.61
32,C017,accept,False,3.933,3.933
33,C017,no_response,False,3.059,3.059
34,C017,accept,True,3.295,2.833
35,C017,no_response,False,4.671,4.671
36,C017,decline,False,2.871,2.871
1,C018,accept,True,3.505,2.105
2,C018,accept,True,2.594,1.859
3,C018,accept,True,3.06,1.334
4,C018,accept,True,1.815,0.914
5,C018,accept,True,0.782,0.782
6,C018,accept,True,3.205,3.205
7,C018,accept,True,3.924,1.909
8,C018,accept,True,2.755,2.51
9,C018,accept,True,1.033,1.033
10,C018,accept,True,3.252,0.411
11,C018,accept,True,1.169,1.169
12,C018,accept,True,3.864,2.87
13,C018,accept,True,1.071,0.693
14,C018,accept,True,0.867,0.663
15,C018,decline,False,2.097,2.097
16,C018,accept,False,2.019,2.019
17,C018,accept,True,4.268,2.749
18,C018,accept,True,2.198,0.717
19,C018,accept,True,2.706,0.878
20,C018,decline,False,2.14,2.14
21,C018,accept,True,0.953,0.771
22,C018,accept,True,2.259,1.033
23,C018,accept,True,2.66,2.284
24,C018,accept,True,0.969,0.841
25,C018,decline,False,1.175,1.175
26,C018,accept,True,0.997,0.82
27,C018,accept,True,2.652,0.847
28,C018,accept,False,0.904,0.904
29,C018,no_response,False,1.437,1.437
30,C018,accept,True,2.216,0.909
31,C018,accept,True,0.722,0.427
32,C018,no_response,False,0.197,0.197
33,C018,decline,False,0.175,0.175
34,C018,no_response,False,1.33,1.33
35,C018,accept,True,0.75,0.75
36,C018,decline,False,2.187,2.187
1,C019,accept,True,1.069,1.069
2,C019,accept,True,7.223,5.918
3,C019,accept,True,3.756,1.145
4,C019,accept,True,1.104,1.104
5,C019,accept,True,5.057,5.057
6,C019,accept,True,7.203,6.231
7,C019,no_response,False,2.085,2.085
8,C019,decline,False,2.819,2.819
9,C019,accept,True,5.832,4.087
10,C019,accept,True,5.709,5.22
11,C019,no_response,False,3.516,3.516
12,C019,accept,True,4.631,3.969
13,C019,accept,False,1.786,1.786
14,C019,accept,True,3.17,2.228
15,C019,accept,False,1.745,1.745
16,C019,decline,False,1.232,1.232
17,C019,accept,True,4.258,1.844
18,C019,accept,True,5.331,3.396
19,C019,decline,False,0.832,0.832
20,C019,accept,True,1.843,0.976
21,C019,accept,True,2.793,0.939
22,C019,accept,False,3.305,3.305
23,C019,accept,True,2.568,1.719
24,C019,decline,False,3.288,3.288
25,C019,decline,False,5.335,5.335
26,C019,accept,True,4.231,3.593
27,C019,accept,True,3.32,2.054
28,C019,accept,True,3.759,2.004
29,C019,no_response,False,5.277,5.277
30,C019,accept,True,2.239,0.879
31,C019,accept,True,4.87,2.231
32,C019,decline,False,1.02,1.02
33,C019,no_response,False,5.103,5.103
34,C019,no_response,False,4.084,4.084
35,C019,no_response,False,1.875,1.875
36,C019,accept,True,3.062,2.657
1,C020,no_response,False,2.211,2.211
2,C020,decline,False,4.273,4.273
3,C020,accept,True,1.344,1.036
4,C020,accept,True,5.513,5.513
5,C020,decline,False,0.811,0.811
6,C020,accept,False,4.995,4.995
7,C020,accept,True,3.116,2.828
8,C020,accept,True,4.687,4.688
9,C020,decline,False,3.282,3.282
10,C020,accept,True,3.78,3.795
11,C020,decline,False,0.714,0.714
12,C020,no_response,False,4.176,4.176
13,C020,decline,False,2.172,2.172
14,C020,accept,False,3.847,3.847
15,C020,no_response,False,2.548,2.548
16,C020,decline,False,3.829,3.829
17,C020,accept,False,4.167,4.167
18,C020,decline,False,2.011,2.011
19,C020,decline,False,0.722,0.722
20,C020,accept,True,0.873,0.873
21,C020,accept,True,3.93,3.93
22,C020,decline,False,1.935,1.935
23,C020,accept,True,3.182,2.419
24,C020,accept,True,3.368,2.906
25,C020,accept,True,3.971,3.822
26,C020,no_response,False,6.176,6.176
27,C020,accept,True,1.091,1.091
28,C020,accept,True,3.984,3.437
29,C020,decline,False,3.762,3.762
30,C020,accept,False,1.441,1.441
31,C020,accept,True,2.567,1.8
32,C020,accept,True,4.34,4.204
33,C020,decline,False,3.758,3.758
34,C020,accept,True,3.794,3.36
35,C020,decline,False,4.231,4.231
36,C020,accept,True,3.232,2.77
1,C021,decline,False,5.267,5.267
2,C021,accept,True,7.738,3.906
3,C021,accept,True,7.763,4.764
4,C021,accept,True,4.36,4.36
5,C021,decline,False,3.784,3.784
6,C021,accept,True,4.646,1.912
7,C021,accept,True,10.155,6.196
8,C021,accept,True,6.13,3.866
9,C021,accept,True,4.586,2.472
10,C021,decline,False,8.02,8.02
11,C021,accept,True,3.428,3.658
12,C021,accept,True,3.743,0.781
13,C021,decline,False,4.292,4.292
14,C021,accept,True,4.247,2.806
15,C021,accept,True,2.236,2.236
16,C021,no_response,False,1.366,1.366
17,C021,accept,True,7.328,4.553
18,C021,accept,False,7.116,7.116
19,C021,no_response,False,6.749,6.749
20,C021,decline,False,5.799,5.799
21,C021,decline,False,6.21,6.21
22,C021,accept,True,2.178,0.761
23,C021,accept,True,3.214,1.516
24,C021,no_response,False,7.319,7.319
25,C021,accept,True,3.712,3.346
26,C021,decline,False,1.448,1.448
27,C021,accept,True,5.204,2.29
28,C021,decline,False,4.161,4.161
29,C021,decline,False,5.963,5.963
30,C021,decline,False,5.661,5.661
31,C021,decline,False,5.03,5.03
32,C021,no_response,False,5.0,5.0
33,C021,decline,False,5.994,5.994
34,C021,accept,True,7.183,3.062
35,C021,no_response,False,4.24,4.24
36,C021,no_response,False,4.656,4.656
1,C022,accept,True,5.624,5.334
2,C022,accept,True,5.928,3.888
3,C022,no_response,False,2.942,2.942
4,C022,accept,True,2.34,2.363
5,C022,accept,True,3.941,3.941
6,C022,decline,False,7.172,7.172
7,C022,accept,True,4.305,3.897
8,C022,accept,True,3.042,0.907
9,C022,accept,True,1.857,0.189
10,C022,accept,True,1.769,0.66
11,C022,accept,True,1.046,0.944
12,C022,accept,True,4.476,3.943
13,C022,decline,False,1.928,1.928
14,C022,accept,True,6.071,4.077
15,C022,accept,True,2.172,1.781
16,C022,accept,False,4.748,4.748
17,C022,decline,False,5.26,5.26
18,C022,accept,True,5.662,5.153
19,C022,decline,False,7.78,7.78
20,C022,decline,False,7.359,7.359
21,C022,accept,True,5.912,3.829
22,C022,no_response,False,3.236,3.236
23,C022,accept,True,3.109,2.387
24,C022,accept,True,4.001,2.58
25,C022,accept,False,5.603,5.603
26,C022,decline,False,5.091,5.091
27,C022,accept,False,5.915,5.915
28,C022,accept,False,5.62,5.62
29,C022,accept,True,5.693,3.037
30,C022,accept,True,5.619,2.815
31,C022,accept,True,5.911,2.99
32,C022,accept,False,5.923,5.923
33,C022,accept,False,5.309,5.309
34,C022,accept,True,5.263,3.111
35,C022,decline,False,5.094,5.094
36,C022,decline,False,2.467,2.467
1,C023,decline,False,3.741,3.741
2,C023,decline,False,5.667,5.667
3,C023,decline,False,7.535,7.535
4,C023,accept,True,0.536,0.298
5,C023,no_response,False,4.088,4.088
6,C023,no_response,False,5.418,5.418
7,C023,accept,True,6.955,5.38
8,C023,accept,True,2.613,2.362
9,C023,accept,True,3.892,2.709
10,C023,accept,True,7.863,5.354
11,C023,no_response,False,3.18,3.18
12,C023,decline,False,1.602,1.602
13,C023,accept,True,5.252,3.852
14,C023,accept,True,5.831,3.868
15,C023,accept,True,3.13,2.27
16,C023,accept,True,5.15,4.014
17,C023,accept,False,1.206,1.206
18,C023,accept,True,2.387,0.684
19,C023,accept,True,6.239,4.063
20,C023,accept,True,2.121,0.686
21,C023,accept,True,5.58,3.852
22,C023,accept,False,1.902,1.902
23,C023,accept,True,1.766,1.304
24,C023,accept,True,3.604,2.827
25,C023,decline,False,6.393,6.393
26,C023,accept,True,4.11,3.084
27,C023,accept,False,4.741,4.741
28,C023,decline,False,3.376,3.376
29,C023,no_response,False,6.019,6.019
30,C023,accept,True,4.51,3.073
31,C023,accept,True,3.935,2.285
32,C023,decline,False,4.189,4.189
33,C023,accept,True,3.686,2.043
34,C023,no_response,False,5.945,5.945
35,C023,accept,True,3.755,3.718
36,C023,decline,False,3.853,3.853
1,C024,decline,False,6.454,6.454
2,C024,no_response,False,3.089,3.089
3,C024,accept,True,6.287,3.933
4,C024,accept,True,3.751,2.955
5,C024,accept,True,6.929,6.432
6,C024,accept,True,8.452,6.49
7,C024,no_response,False,5.401,5.401
8,C024,decline,False,4.185,4.185
9,C024,accept,True,2.972,0.916
10,C024,accept,True,4.022,3.942
11,C024,decline,False,3.991,3.991
12,C024,decline,False,5.716,5.716
13,C024,no_response,False,2.923,2.923
14,C024,accept,False,7.882,7.882
15,C024,no_response,False,0.842,0.842
16,C024,accept,True,3.981,3.979
17,C024,accept,True,7.393,5.36
18,C024,accept,False,2.307,2.307
19,C024,accept,True,5.251,3.819
20,C024,accept,True,6.194,3.903
21,C024,decline,False,5.476,5.476
22,C024,accept,True,4.238,2.697
23,C024,decline,False,4.304,4.304
24,C024,accept,True,4.336,3.273
25,C024,decline,False,5.309,5.309
26,C024,accept,True,4.281,2.996
27,C024,accept,True,4.507,2.156
28,C024,no_response,False,4.873,4.873
29,C024,decline,False,4.777,4.777
30,C024,accept,False,4.633,4.633
31,C024,decline,False,0.222,0.222
32,C024,accept,True,2.29,0.786
33,C024,decline,False,4.999,4.999
34,C024,accept,True,1.788,0.651
35,C024,decline,False,3.799,3.799
36,C024,decline,False,4.445,4.445
1,C025,accept,False,0.839,0.839
2,C025,accept,True,0.681,0.681
3,C025,accept,True,2.037,2.037
4,C025,accept,False,2.341,2.341
5,C025,decline,False,0.531,0.531
6,C025,accept,True,3.155,3.155
7,C025,no_response,False,2.474,2.474
8,C025,accept,True,0.697,0.697
9,C025,decline,False,0.786,0.786
10,C025,accept,False,1.892,1.892
11,C025,accept,True,1.551,1.551
12,C025,decline,False,0.82,0.82
13,C025,accept,True,0.696,0.696
14,C025,decline,False,0.778,0.778
15,C025,no_response,False,0.705,0.705
16,C025,accept,True,2.495,2.062
17,C025,accept,True,0.867,0.867
18,C025,decline,False,3.169,3.169
19,C025,accept,False,0.801,0.801
20,C025,no_response,False,1.543,1.543
21,C025,accept,True,0.829,0.829
22,C025,no_response,False,1.738,1.738
23,C025,decline,False,0.818,0.818
24,C025,decline,False,1.176,1.176
25,C025,no_response,False,2.46,2.46
26,C025,decline,False,0.694,0.694
27,C025,no_response,False,1.151,1.151
28,C025,decline,False,0.465,0.465
29,C025,no_response,False,0.261,0.261
30,C025,decline,False,0.217,0.217
31,C025,no_response,False,0.659,0.659
32,C025,no_response,False,0.636,0.636
33,C025,accept,True,0.86,0.86
34,C025,accept,True,1.036,1.036
35,C025,no_response,False,1.624,1.624
36,C025,no_response,False,1.141,1.141
1,C026,accept,True,0.151,0.151
2,C026,accept,True,2.56,2.035
3,C026,accept,True,5.322,3.959
4,C026,accept,True,4.201,4.202
5,C026,no_response,False,2.559,2.559
6,C026,accept,True,1.122,0.73
7,C026,accept,True,1.709,0.908
8,C026,accept,True,5.111,3.68
9,C026,accept,False,1.091,1.091
10,C026,accept,True,1.944,1.645
11,C026,accept,True,1.189,1.189
12,C026,no_response,False,1.267,1.267
13,C026,no_response,False,1.052,1.052
14,C026,accept,True,6.521,3.956
15,C026,accept,True,0.285,0.285
16,C026,accept,True,5.981,5.711
17,C026,accept,True,8.661,5.903
18,C026,no_response,False,1.914,1.914
19,C026,no_response,False,6.008,6.008
20,C026,accept,True,1.864,0.766
21,C026,accept,True,0.709,0.709
22,C026,accept,True,2.306,0.738
23,C026,decline,False,2.93,2.93
24,C026,accept,True,3.672,2.962
25,C026,decline,False,4.197,4.197
26,C026,accept,True,4.292,3.911
27,C026,accept,True,3.888,2.146
28,C026,accept,True,3.091,1.311
29,C026,accept,True,5.208,3.291
30,C026,no_response,False,3.361,3.361
31,C026,accept,True,2.67,1.773
32,C026,accept,True,3.881,3.584
33,C026,decline,False,0.718,0.718
34,C026,no_response,False,0.406,0.406
35,C026,no_response,False,3.879,3.879
36,C026,accept,False,4.256,4.256
1,C027,accept,True,2.331,1.641
2,C027,decline,False,0.721,0.721
3,C027,decline,False,2.584,2.584
4,C027,accept,True,2.775,2.775
5,C027,accept,True,2.629,0.848
6,C027,accept,True,5.848,4.164
7,C027,accept,True,6.167,5.899
8,C027,accept,True,3.997,3.596
9,C027,accept,True,4.149,3.976
10,C027,decline,False,1.272,1.272
11,C027,accept,True,0.82,0.82
12,C027,no_response,False,1.024,1.024
13,C027,accept,True,0.491,0.491
14,C027,accept,True,4.742,4.471
15,C027,accept,True,3.017,3.017
16,C027,no_response,False,6.307,6.307
17,C027,no_response,False,1.381,1.381
18,C027,accept,True,2.99,2.99
19,C027,accept,True,1.363,0.957
20,C027,no_response,False,6.442,6.442
21,C027,accept,True,5.853,3.855
22,C027,decline,False,4.895,4.895
23,C027,no_response,False,3.139,3.139
24,C027,decline,False,4.346,4.346
25,C027,no_response,False,2.65,2.65
26,C027,decline,False,1.209,1.209
27,C027,decline,False,5.164,5.164
28,C027,accept,True,4.528,2.384
29,C027,decline,False,6.154,6.154
30,C027,decline,False,6.855,6.855
31,C027,decline,False,3.615,3.615
32,C027,decline,False,5.159,5.159
33,C027,decline,False,2.597,2.597
34,C027,accept,True,5.981,3.258
35,C027,decline,False,4.11,4.11
36,C027,decline,False,1.778,1.778
1,C028,accept,True,6.724,6.381
2,C028,decline,False,1.266,1.266
3,C028,decline,False,0.827,0.827
4,C028,accept,True,2.978,2.482
5,C028,decline,False,6.243,6.243
6,C028,accept,True,1.907,1.67
7,C028,accept,True,2.044,1.655
8,C028,decline,False,0.795,0.795
9,C028,decline,False,4.238,4.238
10,C028,accept,False,4.118,4.118
11,C028,accept,True,0.621,0.621
12,C028,accept,True,1.459,1.108
13,C028,accept,True,3.945,3.945
14,C028,no_response,False,6.381,6.381
15,C028,decline,False,5.596,5.596
16,C028,accept,True,3.852,3.8
17,C028,decline,False,2.132,2.132
18,C028,decline,False,6.47,6.47
19,C028,accept,False,3.943,3.943
20,C028,decline,False,3.525,3.525
21,C028,decline,False,3.975,3.975
22,C028,accept,True,3.902,3.85
23,C028,accept,False,3.3,3.3
24,C028,decline,False,3.208,3.208
25,C028,decline,False,4.985,4.985
26,C028,no_response,False,4.184,4.184
27,C028,accept,True,1.686,0.382
28,C028,no_response,False,3.787,3.787
29,C028,decline,False,3.784,3.784
30,C028,no_response,False,4.467,4.467
31,C028,accept,False,3.632,3.632
32,C028,accept,True,4.868,3.804
33,C028,decline,False,0.987,0.987
34,C028,no_response,False,3.657,3.657
35,C028,accept,True,4.185,3.952
36,C028,decline,False,3.366,3.366
1,C029,accept,True,5.354,4.031
2,C029,accept,True,4.764,3.853
3,C029,no_response,False,6.084,6.084
4,C029,accept,True,2.492,2.492
5,C029,accept,True,0.5,0.234
6,C029,no_response,False,8.567,8.567
7,C029,decline,False,7.933,7.933
8,C029,accept,True,3.063,0.98
9,C029,accept,True,4.534,4.216
10,C029,decline,False,6.795,6.795
11,C029,accept,True,5.037,4.538
12,C029,decline,False,2.908,2.908
13,C029,accept,True,0.739,0.59
14,C029,accept,True,4.672,3.978
15,C029,accept,True,1.71,0.613
16,C029,accept,True,4.832,4.2
17,C029,accept,False,5.504,5.504
18,C029,decline,False,6.687,6.687
19,C029,accept,True,6.064,3.928
20,C029,accept,True,6.083,3.879
21,C029,accept,True,4.109,4.088
22,C029,accept,True,2.087,0.747
23,C029,accept,False,3.247,3.247
24,C029,accept,False,3.335,3.335
25,C029,decline,False,5.213,5.213
26,C029,no_response,False,5.017,5.017
27,C029,no_response,False,5.476,5.476
28,C029,no_response,False,3.828,3.828
29,C029,accept,False,6.003,6.003
30,C029,accept,True,4.503,3.339
31,C029,no_response,False,4.737,4.737
32,C029,decline,False,4.837,4.837
33,C029,no_response,False,3.93,3.93
34,C029,no_response,False,5.442,5.442
35,C029,decline,False,5.075,5.075
36,C029,accept,True,4.005,3.094
1,C030,accept,True,3.795,3.795
2,C030,accept,True,0.875,0.875
3,C030,decline,False,4.363,4.363
4,C030,no_response,False,0.576,0.576
5,C030,accept,True,3.977,3.977
6,C030,accept,True,5.128,5.128
7,C030,accept,True,4.573,4.579
8,C030,no_response,False,0.207,0.207
9,C030,decline,False,0.922,0.922
10,C030,accept,True,0.849,0.849
11,C030,accept,True,0.759,0.759
12,C030,decline,False,5.072,5.072
13,C030,accept,True,2.023,2.023
14,C030,accept,True,0.864,0.864
15,C030,no_response,False,0.249,0.249
16,C030,accept,True,4.176,4.307
17,C030,accept,True,3.263,3.263
18,C030,accept,True,3.46,3.461
19,C030,decline,False,0.905,0.905
20,C030,accept,True,3.269,3.693
21,C030,no_response,False,3.806,3.806
22,C030,accept,True,0.677,0.677
23,C030,decline,False,2.641,2.641
24,C030,decline,False,3.234,3.234
25,C030,accept,True,0.82,0.82
26,C030,no_response,False,3.789,3.789
27,C030,decline,False,3.303,3.303
28,C030,decline,False,2.624,2.624
29,C030,decline,False,3.612,3.612
30,C030,accept,False,3.416,3.416
31,C030,no_response,False,0.221,0.221
32,C030,no_response,False,4.039,4.039
33,C030,decline,False,3.138,3.138
34,C030,accept,True,4.626,4.17
35,C030,decline,False,4.674,4.674
36,C030,no_response,False,3.099,3.099
1,C031,decline,False,2.728,2.728
2,C031,accept,True,7.278,4.749
3,C031,accept,True,4.207,2.026
4,C031,no_response,False,3.354,3.354
5,C031,accept,True,6.921,6.546
6,C031,no_response,False,5.644,5.644
7,C031,no_response,False,6.682,6.682
8,C031,decline,False,4.065,4.065
9,C031,accept,True,5.919,3.199
10,C031,no_response,False,5.434,5.434
11,C031,accept,True,4.893,4.949
12,C031,accept,True,5.691,3.816
13,C031,accept,True,3.026,2.026
14,C031,no_response,False,4.343,4.343
15,C031,accept,False,1.196,1.196
16,C031,no_response,False,4.354,4.354
17,C031,accept,True,3.475,0.768
18,C031,accept,True,3.654,3.218
19,C031,decline,False,2.768,2.768
20,C031,accept,False,5.205,5.205
21,C031,accept,True,4.821,3.775
22,C031,accept,True,4.393,3.926
23,C031,accept,False,3.451,3.451
24,C031,accept,True,3.775,2.318
25,C031,decline,False,6.066,6.066
26,C031,accept,True,3.718,3.318
27,C031,no_response,False,5.82,5.82
28,C031,no_response,False,2.223,2.223
29,C031,decline,False,0.392,0.392
30,C031,decline,False,3.388,3.388
31,C031,accept,True,5.398,2.466
32,C031,no_response,False,5.111,5.111
33,C031,accept,True,6.289,3.748
34,C031,decline,False,5.284,5.284
35,C031,decline,False,0.406,0.406
36,C031,accept,True,5.639,2.84
1,C032,accept,True,3.311,3.311
2,C032,no_response,False,5.047,5.047
3,C032,accept,True,4.772,4.772
4,C032,accept,True,1.717,1.717
5,C032,accept,True,3.961,3.961
6,C032,accept,True,3.845,3.845
7,C032,accept,True,3.779,3.779
8,C032,decline,False,0.783,0.783
9,C032,no_response,False,0.937,0.937
10,C032,accept,True,4.27,4.27
11,C032,accept,True,2.633,2.82
12,C032,accept,True,0.978,0.978
13,C032,accept,True,0.162,0.162
14,C032,accept,True,3.812,3.812
15,C032,accept,True,1.872,1.872
16,C032,accept,True,5.164,5.359
17,C032,decline,False,3.669,3.669
18,C032,accept,True,4.706,4.722
19,C032,no_response,False,3.565,3.565
20,C032,accept,True,4.239,4.57
21,C032,accept,True,0.672,0.672
22,C032,accept,False,1.552,1.552
23,C032,accept,True,1.093,0.916
24,C032,accept,False,2.86,2.86
25,C032,decline,False,3.381,3.381
26,C032,accept,True,5.273,4.86
27,C032,accept,True,2.948,2.486
28,C032,accept,True,2.496,1.891
29,C032,decline,False,3.646,3.646
30,C032,decline,False,3.023,3.023
31,C032,no_response,False,2.565,2.565
32,C032,no_response,False,4.026,4.026
33,C032,decline,False,0.703,0.703
34,C032,decline,False,3.16,3.16
35,C032,decline,False,4.212,4.212
36,C032,accept,True,0.678,0.678
1,C033,accept,True,1.164,0.581
2,C033,accept,True,4.028,3.799
3,C033,accept,True,9.049,6.467
4,C033,accept,True,2.531,2.531
5,C033,accept,False,0.592,0.592
6,C033,accept,True,5.36,4.022
7,C033,accept,True,0.636,0.402
8,C033,accept,False,5.099,5.099
9,C033,no_response,False,6.808,6.808
10,C033,decline,False,3.525,3.525
11,C033,decline,False,3.791,3.791
12,C033,no_response,False,6.56,6.56
13,C033,accept,True,2.236,0.423
14,C033,accept,False,5.962,5.962
15,C033,accept,True,3.774,3.783
16,C033,accept,True,3.568,2.263
17,C033,accept,True,1.241,0.948
18,C033,decline,False,1.91,1.91
19,C033,accept,True,3.875,3.81
20,C033,no_response,False,6.892,6.892
21,C033,accept,True,3.8,3.806
22,C033,accept,True,4.179,1.455
23,C033,decline,False,3.69,3.69
24,C033,accept,True,4.176,2.499
25,C033,decline,False,3.563,3.563
26,C033,accept,False,5.833,5.833
27,C033,decline,False,3.503,3.503
28,C033,no_response,False,3.841,3.841
29,C033,decline,False,7.048,7.048
30,C033,accept,True,6.393,3.184
31,C033,accept,True,6.405,2.008
32,C033,no_response,False,0.162,0.162
33,C033,no_response,False,0.177,0.177
34,C033,decline,False,0.461,0.461
35,C033,accept,True,1.377,0.169
36,C033,decline,False,0.165,0.165
1,C034,accept,False,6.94,6.94
2,C034,accept,True,5.606,4.051
3,C034,decline,False,7.379,7.379
4,C034,accept,True,0.406,0.406
5,C034,accept,False,0.645,0.645
6,C034,decline,False,3.058,3.058
7,C034,decline,False,1.569,1.569
8,C034,accept,True,1.662,1.662
9,C034,accept,True,5.086,3.845
10,C034,accept,True,2.441,0.674
11,C034,accept,True,1.089,1.089
12,C034,no_response,False,4.585,4.585
13,C034,decline,False,2.628,2.628
14,C034,decline,False,4.953,4.953
15,C034,no_response,False,0.251,0.251
16,C034,accept,True,2.486,1.251
17,C034,accept,True,2.707,2.297
18,C034,decline,False,4.843,4.843
19,C034,decline,False,3.073,3.073
20,C034,decline,False,4.079,4.079
21,C034,accept,True,1.739,0.618
22,C034,accept,False,2.336,2.336
23,C034,decline,False,3.302,3.302
24,C034,accept,True,3.09,1.618
25,C034,decline,False,4.563,4.563
26,C034,accept,True,4.066,3.37
27,C034,decline,False,4.998,4.998
28,C034,no_response,False,5.162,5.162
29,C034,no_response,False,4.872,4.872
30,C034,decline,False,5.679,5.679
31,C034,accept,True,4.128,1.995
32,C034,no_response,False,0.197,0.197
33,C034,decline,False,0.14,0.14
34,C034,decline,False,0.137,0.137
35,C034,accept,False,0.167,0.167
36,C034,decline,False,0.155,0.155
1,C035,accept,True,1.083,0.849
2,C035,accept,True,7.597,5.196
3,C035,accept,True,7.468,3.542
4,C035,accept,True,0.506,0.506
5,C035,accept,True,0.788,0.788
6,C035,decline,False,2.1,2.1
7,C035,accept,True,6.762,5.22
8,C035,accept,True,5.326,3.431
9,C035,decline,False,4.701,4.701
10,C035,accept,False,7.112,7.112
11,C035,accept,True,0.724,0.724
12,C035,accept,True,5.317,3.012
13,C035,accept,True,2.344,1.828
14,C035,accept,True,2.513,0.684
15,C035,no_response,False,1.191,1.191
16,C035,no_response,False,5.255,5.255
17,C035,accept,True,7.104,4.996
18,C035,accept,True,6.289,5.718
19,C035,decline,False,3.834,3.834
20,C035,accept,True,4.986,3.877
21,C035,no_response,False,5.282,5.282
22,C035,accept,True,3.622,1.025
23,C035,accept,True,2.687,2.225
24,C035,accept,True,6.53,4.993
25,C035,accept,True,5.554,4.1
26,C035,accept,True,1.597,1.092
27,C035,decline,False,4.489,4.489
28,C035,decline,False,3.538,3.538
29,C035,accept,True,4.231,3.472
30,C035,accept,True,5.121,3.118
31,C035,accept,True,4.615,2.462
32,C035,decline,False,6.137,6.137
33,C035,decline,False,0.887,0.887
34,C035,no_response,False,0.529,0.529
35,C035,accept,True,0.192,0.192
36,C035,accept,True,3.641,0.173
1,C036,accept,True,6.275,6.277
2,C036,no_response,False,4.108,4.108
3,C036,decline,False,3.828,3.828
4,C036,no_response,False,2.327,2.327
5,C036,accept,True,3.483,3.483
6,C036,decline,False,5.054,5.054
7,C036,decline,False,4.055,4.055
8,C036,decline,False,5.071,5.071
9,C036,decline,False,3.92,3.92
10,C036,no_response,False,2.455,2.455
11,C036,accept,True,3.505,3.777
12,C036,no_response,False,3.972,3.972
13,C036,decline,False,3.775,3.775
14,C036,accept,True,5.183,5.183
15,C036,no_response,False,0.611,0.611
16,C036,no_response,False,3.898,3.898
17,C036,no_response,False,3.99,3.99
18,C036,accept,True,4.451,4.451
19,C036,decline,False,0.818,0.818
20,C036,decline,False,0.88,0.88
21,C036,decline,False,0.821,0.821
22,C036,decline,False,3.971,3.971
23,C036,decline,False,2.586,2.586
24,C036,accept,True,3.191,2.741
25,C036,no_response,False,3.997,3.997
26,C036,accept,True,3.538,3.076
27,C036,accept,True,3.094,2.632
28,C036,decline,False,2.785,2.785
29,C036,decline,False,4.336,4.336
30,C036,decline,False,3.817,3.817
31,C036,decline,False,1.208,1.208
32,C036,no_response,False,3.843,3.843
33,C036,accept,True,0.758,0.758
34,C036,decline,False,0.788,0.788
35,C036,decline,False,2.158,2.158
36,C036,no_response,False,2.998,2.998
1,C037,decline,False,3.406,3.406
2,C037,accept,True,6.858,3.831
3,C037,accept,True,5.802,3.923
4,C037,accept,True,3.303,2.219
5,C037,no_response,False,4.062,4.062
6,C037,accept,True,2.98,0.916
7,C037,accept,True,6.323,4.075
8,C037,accept,True,5.647,5.011
9,C037,accept,True,3.07,3.188
10,C037,accept,False,3.371,3.371
11,C037,accept,True,1.508,1.08
12,C037,accept,True,7.92,3.848
13,C037,decline,False,4.219,4.219
14,C037,accept,True,1.462,0.485
15,C037,decline,False,2.765,2.765
16,C037,accept,True,4.979,4.024
17,C037,accept,False,6.282,6.282
18,C037,accept,True,4.97,4.973
19,C037,accept,False,6.426,6.426
20,C037,accept,True,6.465,3.934
21,C037,accept,True,1.681,0.79
22,C037,accept,True,5.558,3.941
23,C037,accept,True,3.923,1.826
24,C037,no_response,False,4.575,4.575
25,C037,decline,False,6.647,6.647
26,C037,accept,True,4.369,3.204
27,C037,no_response,False,3.639,3.639
28,C037,accept,False,4.302,4.302
29,C037,decline,False,5.898,5.898
30,C037,decline,False,5.575,5.575
31,C037,accept,True,3.677,1.585
32,C037,accept,True,5.516,3.996
33,C037,no_response,False,5.022,5.022
34,C037,accept,True,6.851,3.662
35,C037,accept,True,3.923,3.8
36,C037,no_response,False,4.522,4.522
1,C038,accept,True,3.381,3.381
2,C038,no_response,False,1.074,1.074
3,C038,accept,True,0.688,0.688
4,C038,no_response,False,1.455,1.455
5,C038,decline,False,0.56,0.56
6,C038,accept,True,0.895,0.895
7,C038,decline,False,3.123,3.123
8,C038,decline,False,0.847,0.847
9,C038,decline,False,0.863,0.863
10,C038,decline,False,1.866,1.866
11,C038,accept,False,0.674,0.674
12,C038,accept,True,2.798,2.798
13,C038,decline,False,1.332,1.332
14,C038,decline,False,3.072,3.072
15,C038,decline,False,0.634,0.634
16,C038,accept,True,0.945,0.945
17,C038,accept,True,1.766,1.766
18,C038,accept,True,1.737,1.737
19,C038,decline,False,0.946,0.946
20,C038,decline,False,0.698,0.698
21,C038,decline,False,0.803,0.803
22,C038,no_response,False,0.852,0.852
23,C038,accept,True,1.726,1.726
24,C038,decline,False,1.131,1.131
25,C038,decline,False,0.882,0.882
26,C038,decline,False,1.036,1.036
27,C038,decline,False,0.541,0.541
28,C038,decline,False,0.933,0.933
29,C038,accept,True,0.845,0.845
30,C038,no_response,False,0.791,0.791
31,C038,decline,False,1.232,1.232
32,C038,decline,False,0.865,0.865
33,C038,no_response,False,0.55,0.55
34,C038,accept,False,0.816,0.816
35,C038,no_response,False,0.578,0.578
36,C038,decline,False,0.91,0.91
1,C039,accept,True,3.949,3.892
2,C039,decline,False,4.742,4.742
3,C039,accept,False,0.158,0.158
4,C039,accept,False,2.743,2.743
5,C039,decline,False,3.158,3.158
6,C039,accept,True,3.732,3.732
7,C039,decline,False,1.409,1.409
8,C039,accept,True,4.585,4.647
9,C039,accept,True,3.721,3.833
10,C039,decline,False,1.075,1.075
11,C039,accept,False,0.509,0.509
12,C039,accept,False,3.866,3.866
13,C039,accept,True,1.955,1.955
14,C039,accept,True,0.49,0.49
15,C039,decline,False,5.695,5.695
16,C039,accept,True,4.83,4.161
17,C039,accept,True,3.454,3.199
18,C039,accept,False,0.708,0.708
19,C039,accept,False,3.458,3.458
20,C039,accept,True,0.896,0.896
21,C039,accept,True,3.818,3.819
22,C039,accept,False,0.715,0.715
23,C039,accept,True,2.318,1.604
24,C039,accept,True,1.455,1.055
25,C039,no_response,False,1.041,1.041
26,C039,accept,True,3.574,3.113
27,C039,accept,False,2.574,2.574
28,C039,decline,False,2.213,2.213
29,C039,accept,False,3.244,3.244
30,C039,decline,False,2.554,2.554
31,C039,no_response,False,1.835,1.835
32,C039,accept,True,3.225,2.763
33,C039,accept,True,0.842,0.842
34,C039,accept,True,3.178,2.716
35,C039,accept,True,0.618,0.618
36,C039,no_response,False,2.671,2.671
1,C040,accept,True,0.73,0.73
2,C040,accept,True,0.848,0.848
3,C040,no_response,False,0.457,0.457
4,C040,no_response,False,1.051,1.051
5,C040,accept,True,5.097,5.097
6,C040,accept,True,0.731,0.731
7,C040,accept,True,3.086,3.086
8,C040,decline,False,0.901,0.901
9,C040,decline,False,3.78,3.78
10,C040,accept,True,1.424,1.424
11,C040,decline,False,2.677,2.677
12,C040,no_response,False,4.174,4.174
13,C040,accept,True,1.266,1.266
14,C040,accept,True,3.813,3.813
15,C040,accept,True,6.122,6.123
16,C040,accept,True,3.725,3.878
17,C040,decline,False,1.061,1.061
18,C040,no_response,False,4.869,4.869
19,C040,decline,False,3.329,3.329
20,C040,accept,False,0.719,0.719
21,C040,decline,False,3.849,3.849
22,C040,decline,False,0.708,0.708
23,C040,no_response,False,2.492,2.492
24,C040,accept,True,2.64,2.161
25,C040,no_response,False,3.892,3.892
26,C040,decline,False,3.567,3.567
27,C040,no_response,False,0.382,0.382
28,C040,accept,True,0.885,0.785
29,C040,decline,False,3.584,3.584
30,C040,decline,False,3.811,3.811
31,C040,decline,False,2.365,2.365
32,C040,accept,True,4.054,3.622
33,C040,decline,False,0.66,0.66
34,C040,no_response,False,3.927,3.927
35,C040,decline,False,5.284,5.284
36,C040,accept,True,3.186,2.724
1,C041,accept,False,4.051,4.051
2,C041,accept,False,3.34,3.34
3,C041,accept,False,3.793,3.793
4,C041,accept,True,1.822,1.822
5,C041,decline,False,5.258,5.258
6,C041,decline,False,4.185,4.185
7,C041,decline,False,5.269,5.269
8,C041,accept,False,4.108,4.108
9,C041,accept,False,4.673,4.673
10,C041,decline,False,5.265,5.265
11,C041,accept,True,3.005,3.115
12,C041,decline,False,5.328,5.328
13,C041,decline,False,1.762,1.762
14,C041,accept,False,1.266,1.266
15,C041,accept,True,2.132,2.155
16,C041,accept,True,5.164,3.998
17,C041,accept,True,1.221,1.221
18,C041,no_response,False,3.531,3.531
19,C041,accept,True,5.383,4.01
20,C041,accept,True,2.29,0.738
21,C041,decline,False,3.857,3.857
22,C041,decline,False,2.38,2.38
23,C041,decline,False,2.832,2.832
24,C041,accept,True,3.707,3.349
25,C041,decline,False,5.845,5.845
26,C041,accept,True,1.615,1.135
27,C041,no_response,False,4.957,4.957
28,C041,accept,True,3.797,2.598
29,C041,decline,False,5.176,5.176
30,C041,decline,False,6.104,6.104
31,C041,accept,False,3.687,3.687
32,C041,decline,False,4.06,4.06
33,C041,no_response,False,4.291,4.291
34,C041,accept,True,5.521,3.539
35,C041,decline,False,5.134,5.134
36,C041,accept,True,1.317,1.249
1,C042,accept,True,4.265,4.002
2,C042,decline,False,5.066,5.066
3,C042,accept,True,5.862,5.002
4,C042,accept,True,3.444,3.444
5,C042,accept,True,0.939,0.939
6,C042,decline,False,6.257,6.257
7,C042,accept,True,4.711,4.7
8,C042,decline,False,7.025,7.025
9,C042,decline,False,4.725,4.725
10,C042,accept,True,6.015,3.95
11,C042,accept,True,0.674,0.674
12,C042,no_response,False,3.844,3.844
13,C042,accept,True,3.907,3.733
14,C042,accept,False,7.043,7.043
15,C042,accept,True,1.545,1.115
16,C042,decline,False,1.207,1.207
17,C042,no_response,False,4.84,4.84
18,C042,decline,False,7.228,7.228
19,C042,accept,True,5.879,3.899
20,C042,decline,False,5.008,5.008
21,C042,decline,False,3.99,3.99
22,C042,accept,True,2.589,0.752
23,C042,decline,False,0.815,0.815
24,C042,accept,True,3.619,2.848
25,C042,decline,False,3.89,3.89
26,C042,accept,False,4.89,4.89
27,C042,accept,False,5.275,5.275
28,C042,accept,True,4.499,2.169
29,C042,decline,False,0.192,0.192
30,C042,accept,True,0.239,0.239
31,C042,no_response,False,4.429,4.429
32,C042,decline,False,3.575,3.575
33,C042,no_response,False,3.805,3.805
34,C042,decline,False,4.6,4.6
35,C042,accept,False,4.235,4.235
36,C042,no_response,False,5.845,5.845
1,C043,accept,True,0.719,0.719
2,C043,no_response,False,4.443,4.443
3,C043,decline,False,2.06,2.06
4,C043,no_response,False,5.592,5.592
5,C043,no_response,False,0.864,0.864
6,C043,accept,False,0.769,0.769
7,C043,no_response,False,4.135,4.135
8,C043,accept,True,3.762,3.765
9,C043,accept,True,0.768,0.768
10,C043,accept,True,3.817,3.944
11,C043,accept,True,1.16,0.702
12,C043,accept,True,3.91,3.91
13,C043,accept,True,1.806,1.806
14,C043,decline,False,5.101,5.101
15,C043,accept,True,2.029,2.03
16,C043,accept,True,1.13,1.13
17,C043,no_response,False,0.892,0.892
18,C043,decline,False,2.35,2.35
19,C043,no_response,False,0.845,0.845
20,C043,decline,False,3.481,3.481
21,C043,accept,False,3.967,3.967
22,C043,decline,False,0.903,0.903
23,C043,accept,True,3.126,2.664
24,C043,decline,False,0.974,0.974
25,C043,decline,False,5.093,5.093
26,C043,accept,True,4.324,4.005
27,C043,accept,True,3.744,3.164
28,C043,no_response,False,3.188,3.188
29,C043,decline,False,3.892,3.892
30,C043,decline,False,3.877,3.877
31,C043,no_response,False,0.959,0.959
32,C043,decline,False,0.273,0.273
33,C043,decline,False,0.251,0.251
34,C043,decline,False,0.261,0.261
35,C043,decline,False,0.233,0.233
36,C043,no_response,False,3.825,3.825
1,C044,accept,True,9.18,6.06
2,C044,accept,True,4.165,3.886
3,C044,decline,False,7.459,7.459
4,C044,accept,False,0.419,0.419
5,C044,accept,True,4.77,4.039
6,C044,accept,True,4.143,2.296
7,C044,accept,False,5.322,5.322
8,C044,decline,False,5.313,5.313
9,C044,accept,True,4.028,3.947
10,C044,accept,False,5.649,5.649
11,C044,accept,True,4.078,3.648
12,C044,decline,False,3.82,3.82
13,C044,accept,True,1.59,0.538
14,C044,accept,True,1.449,1.168
15,C044,accept,False,1.338,1.338
16,C044,accept,False,5.498,5.498
17,C044,accept,False,4.686,4.686
18,C044,accept,False,1.585,1.585
19,C044,decline,False,6.016,6.016
20,C044,accept,True,5.086,2.195
21,C044,accept,True,2.106,0.777
22,C044,accept,False,2.965,2.965
23,C044,no_response,False,3.76,3.76
24,C044,accept,True,4.321,2.279
25,C044,accept,False,2.175,2.175
26,C044,accept,False,4.049,4.049
27,C044,accept,False,3.661,3.661
28,C044,decline,False,1.351,1.351
29,C044,accept,True,4.479,2.81
30,C044,accept,True,3.827,2.593
31,C044,accept,True,3.743,1.35
32,C044,accept,True,0.414,0.214
33,C044,no_response,False,0.243,0.243
34,C044,accept,True,0.225,0.225
35,C044,decline,False,0.251,0.251
36,C044,accept,True,0.257,0.257
1,C045,accept,True,5.337,4.711
2,C045,accept,True,5.706,5.535
3,C045,accept,True,4.452,4.007
4,C045,accept,True,2.488,2.488
5,C045,accept,False,3.68,3.68
6,C045,accept,True,4.21,3.979
7,C045,accept,True,6.575,6.185
8,C045,accept,True,0.749,0.749
9,C045,accept,True,1.624,0.869
10,C045,accept,True,4.217,4.027
11,C045,decline,False,3.509,3.509
12,C045,accept,True,3.539,3.259
13,C045,accept,True,1.034,1.034
14,C045,accept,True,5.209,4.057
15,C045,accept,True,0.188,0.188
16,C045,accept,True,4.455,3.986
17,C045,accept,True,4.727,3.909
18,C045,accept,True,4.031,3.754
19,C045,accept,True,3.381,3.754
20,C045,accept,True,1.524,0.764
21,C045,accept,True,1.703,0.884
22,C045,accept,True,1.798,0.856
23,C045,decline,False,3.752,3.752
24,C045,accept,False,2.933,2.933
25,C045,accept,True,4.043,3.755
26,C045,no_response,False,5.279,5.279
27,C045,decline,False,3.754,3.754
28,C045,accept,True,2.643,1.929
29,C045,accept,True,3.401,2.733
30,C045,accept,True,3.874,2.947
31,C045,accept,False,3.243,3.243
32,C045,decline,False,3.951,3.951
33,C045,accept,False,3.806,3.806
34,C045,decline,False,0.369,0.369
35,C045,no_response,False,1.111,1.111
36,C045,no_response,False,0.208,0.208
1,C046,accept,True,1.858,0.881
2,C046,accept,True,1.317,0.695
3,C046,no_response,False,3.139,3.139
4,C046,accept,False,1.609,1.609
5,C046,no_response,False,2.247,2.247
6,C046,accept,True,5.274,3.146
7,C046,accept,True,3.474,1.986
8,C046,decline,False,3.017,3.017
9,C046,accept,True,2.957,1.196
10,C046,accept,True,0.532,0.147
11,C046,no_response,False,0.577,0.577
12,C046,accept,False,0.946,0.946
13,C046,accept,True,0.428,0.428
14,C046,accept,True,1.48,0.872
15,C046,accept,True,0.904,0.866
16,C046,accept,False,1.538,1.538
17,C046,accept,True,4.061,3.382
18,C046,accept,True,3.291,1.903
19,C046,no_response,False,2.712,2.712
20,C046,no_response,False,2.093,2.093
21,C046,decline,False,2.36,2.36
22,C046,accept,True,2.145,1.305
23,C046,no_response,False,2.299,2.299
24,C046,accept,True,1.619,0.764
25,C046,decline,False,1.104,1.104
26,C046,accept,True,2.041,1.791
27,C046,accept,True,2.326,0.432
28,C046,accept,True,2.447,0.713
29,C046,decline,False,0.192,0.192
30,C046,no_response,False,0.386,0.386
31,C046,no_response,False,2.944,2.944
32,C046,no_response,False,2.021,2.021
33,C046,no_response,False,1.621,1.621
34,C046,decline,False,3.539,3.539
35,C046,decline,False,0.917,0.917
36,C046,decline,False,2.339,2.339
1,C047,accept,True,5.749,2.694
2,C047,decline,False,2.913,2.913
3,C047,accept,True,7.146,4.874
4,C047,accept,True,2.693,2.322
5,C047,accept,True,4.695,3.247
6,C047,accept,True,3.386,0.901
7,C047,decline,False,5.659,5.659
8,C047,accept,True,4.914,2.139
9,C047,accept,True,3.759,0.883
10,C047,accept,True,6.184,4.158
11,C047,decline,False,3.939,3.939
12,C047,accept,True,4.771,0.997
13,C047,decline,False,0.553,0.553
14,C047,accept,True,5.894,2.463
15,C047,no_response,False,3.968,3.968
16,C047,accept,True,1.77,1.155
17,C047,decline,False,4.639,4.639
18,C047,accept,True,7.593,6.037
19,C047,accept,True,5.975,3.856
20,C047,accept,True,5.404,2.657
21,C047,decline,False,5.879,5.879
22,C047,no_response,False,3.792,3.792
23,C047,decline,False,2.89,2.89
24,C047,accept,False,3.085,3.085
25,C047,accept,True,5.474,5.228
26,C047,decline,False,3.951,3.951
27,C047,accept,True,5.488,4.365
28,C047,accept,True,5.659,2.503
29,C047,accept,True,5.369,3.432
30,C047,accept,False,3.062,3.062
31,C047,no_response,False,3.422,3.422
32,C047,accept,True,5.569,3.909
33,C047,decline,False,4.038,4.038
34,C047,no_response,False,6.71,6.71
35,C047,decline,False,4.025,4.025
36,C047,accept,True,3.033,2.571
1,C048,accept,True,3.737,3.746
2,C048,accept,True,0.897,0.897
3,C048,accept,True,3.839,3.839
4,C048,accept,False,0.453,0.453
5,C048,accept,True,4.91,4.91
6,C048,accept,True,3.744,3.744
7,C048,accept,True,1.548,1.548
8,C048,accept,False,6.338,6.338
9,C048,accept,True,3.901,3.841
10,C048,decline,False,4.089,4.089
11,C048,accept,True,4.265,4.006
12,C048,accept,True,2.496,2.496
13,C048,decline,False,2.369,2.369
14,C048,accept,True,3.901,3.901
15,C048,decline,False,3.243,3.243
16,C048,accept,True,3.018,2.824
17,C048,accept,True,0.839,0.721
18,C048,accept,True,2.597,2.597
19,C048,accept,True,3.463,3.681
20,C048,accept,False,3.765,3.765
21,C048,accept,True,3.689,3.716
22,C048,no_response,False,1.099,1.099
23,C048,decline,False,2.801,2.801
24,C048,accept,True,2.678,2.216
25,C048,decline,False,3.196,3.196
26,C048,accept,True,4.634,4.172
27,C048,no_response,False,2.54,2.54
28,C048,accept,True,2.703,2.021
29,C048,accept,True,3.608,3.146
30,C048,accept,False,3.008,3.008
31,C048,accept,True,3.028,2.311
32,C048,accept,True,3.745,3.396
33,C048,accept,True,3.995,3.985
34,C048,accept,True,3.623,2.952
35,C048,accept,False,4.038,4.038
36,C048,no_response,False,3.121,3.121
1,C049,accept,True,3.18,3.18
2,C049,accept,True,0.552,0.552
3,C049,accept,True,3.81,3.81
4,C049,accept,False,1.174,1.174
5,C049,accept,False,4.832,4.832
6,C049,accept,True,3.395,3.395
7,C049,decline,False,3.903,3.903
8,C049,accept,False,3.392,3.392
9,C049,accept,False,0.766,0.766
10,C049,accept,False,0.937,0.937
11,C049,accept,True,1.805,1.805
12,C049,no_response,False,3.146,3.146
13,C049,decline,False,1.883,1.883
14,C049,accept,False,3.921,3.921
15,C049,accept,True,1.88,1.88
16,C049,no_response,False,1.915,1.915
17,C049,accept,True,3.896,3.897
18,C049,decline,False,3.046,3.046
19,C049,accept,True,3.578,3.762
20,C049,accept,True,0.673,0.673
21,C049,accept,True,3.772,3.883
22,C049,accept,True,0.715,0.715
23,C049,no_response,False,1.965,1.965
24,C049,accept,True,3.569,3.107
25,C049,accept,True,3.883,3.696
26,C049,accept,False,4.407,4.407
27,C049,accept,True,2.383,1.921
28,C049,decline,False,2.941,2.941
29,C049,accept,True,3.85,3.446
30,C049,no_response,False,3.286,3.286
31,C049,accept,True,2.812,2.32
32,C049,decline,False,4.126,4.126
33,C049,decline,False,3.819,3.819
34,C049,accept,True,4.226,3.838
35,C049,accept,True,4.989,4.967
36,C049,accept,True,0.501,0.467
1,C050,decline,False,2.843,2.843
2,C050,accept,False,0.372,0.372
3,C050,accept,True,4.418,3.246
4,C050,accept,True,1.76,1.325
5,C050,accept,False,1.543,1.543
6,C050,accept,True,2.866,1.994
7,C050,decline,False,4.259,4.259
8,C050,accept,True,0.598,0.597
9,C050,decline,False,3.135,3.135
10,C050,no_response,False,4.153,4.153
11,C050,accept,True,2.478,2.058
12,C050,decline,False,1.67,1.67
13,C050,accept,False,1.748,1.748
14,C050,decline,False,0.65,0.65
15,C050,accept,True,2.247,2.247
16,C050,accept,True,2.332,0.992
17,C050,accept,True,3.026,0.709
18,C050,accept,True,3.446,2.02
19,C050,accept,True,2.787,0.719
20,C050,decline,False,2.303,2.303
21,C050,accept,True,2.707,0.937
22,C050,accept,False,2.899,2.899
23,C050,decline,False,1.704,1.704
24,C050,accept,True,1.062,0.799
25,C050,decline,False,1.519,1.519
26,C050,accept,False,1.519,1.519
27,C050,accept,True,3.254,0.8
28,C050,accept,True,1.227,0.204
29,C050,decline,False,1.423,1.423
30,C050,decline,False,3.671,3.671
31,C050,accept,True,2.276,1.087
32,C050,accept,True,1.772,0.934
33,C050,accept,False,0.853,0.853
34,C050,decline,False,2.363,2.363
35,C050,no_response,False,0.929,0.929
36,C050,no_response,False,0.981,0.981
