client_id,region_id,n_occupants,has_ac,has_second_ac,has_electric_water_heater,water_heater_kw,has_washing_machine,occupied_daytime,has_submeter
C001,TUN,6,True,True,False,,True,False,False
C002,TUN,4,True,False,True,1.5,True,False,False
C003,TUN,4,True,False,True,1.2,False,False,False
C004,TUN,4,True,True,False,,True,True,False
C005,TUN,2,True,True,True,2.0,True,True,True
C006,TUN,2,False,False,True,1.5,True,False,False
C007,TUN,6,True,False,True,1.2,True,False,False
C008,TUN,1,True,True,True,1.2,True,False,True
C009,TUN,3,True,False,True,1.5,False,False,False
C010,TUN,2,True,False,True,1.2,True,False,True
C011,TUN,2,True,False,True,1.5,True,False,True
C012,TUN,1,False,False,True,2.0,True,False,False
C013,TUN,4,True,True,True,1.2,True,False,False
C014,TUN,4,True,True,False,,True,True,False
C015,TUN,5,True,False,True,2.0,True,False,True
C016,TUN,6,True,True,True,1.5,True,False,True
C017,TUN,4,True,True,False,,True,True,False
C018,TUN,2,False,False,True,1.5,True,False,False
C019,TUN,2,True,True,True,1.5,True,False,True
C020,TUN,5,True,True,False,,True,False,False
C021,TUN,5,True,True,True,2.0,True,False,False
C022,TUN,4,True,False,True,2.0,True,False,False
C023,TUN,4,True,False,True,1.2,True,True,True
C024,TUN,4,True,False,True,1.5,True,True,True
C025,TUN,4,False,False,False,,True,False,False
C026,TUN,2,True,False,True,1.5,True,False,False
C027,TUN,2,True,True,True,2.0,True,False,False
C028,TUN,1,True,False,True,1.2,True,False,False
C029,TUN,4,True,False,True,1.5,True,False,False
C030,TUN,4,True,False,False,,True,True,False
C031,TUN,5,True,False,True,1.5,True,True,False
C032,TUN,3,True,False,False,,False,False,False
C033,TUN,4,True,False,True,2.0,True,False,False
C034,TUN,4,True,True,True,1.5,True,True,False
C035,TUN,2,True,False,True,2.0,True,True,False
C036,TUN,3,True,False,False,,True,False,False
C037,TUN,4,True,False,True,2.0,True,False,False
C038,TUN,3,False,False,False,,True,False,False
C039,TUN,3,True,False,False,,True,False,False
C040,TUN,2,True,True,False,,True,False,False
C041,TUN,1,True,True,True,2.0,True,False,False
C042,TUN,3,True,True,True,1.5,True,False,False
C043,TUN,3,True,False,False,,True,False,False
C044,TUN,3,True,False,True,1.5,True,False,True
C045,TUN,1,True,False,True,1.2,True,False,False
C046,TUN,4,False,False,True,1.2,True,False,False
C047,TUN,4,True,True,True,2.0,True,False,False
C048,TUN,4,True,False,False,,True,False,False
C049,TUN,4,True,True,False,,True,True,False
C050,TUN,4,False,False,True,1.2,True,False,False
